t,k,classifier,nonwhite_recid_rate_target,nonwhite_recid_rate_actual,dataset,method,accuracy,accuracy_std,balanced_accuracy,balanced_accuracy_std,geometric_mean,geometric_mean_std,precision,precision_std,recall,recall_std,f1_score,f1_score_std,true_positive_rate,true_positive_rate_std,false_positive_rate,false_positive_rate_std,true_negative_rate,true_negative_rate_std,false_negative_rate,false_negative_rate_std,spd,spd_std,disparate_impact,disparate_impact_std,eod,eod_std,equal_opportunity_ratio,equal_opportunity_ratio_std,false_positive_rate_difference,false_positive_rate_difference_std,predictive_equality,predictive_equality_std,true_negative_rate_difference,true_negative_rate_difference_std,true_negative_rate_parity,true_negative_rate_parity_std,false_negative_rate_difference,false_negative_rate_difference_std,false_negative_rate_parity,false_negative_rate_parity_std,accuracy_difference,accuracy_difference_std,accuracy_parity,accuracy_parity_std,aod,aod_std,average_odds_ratio,average_odds_ratio_std
,0,LogReg,0.4800420168067227,0.4800420168067227,compas_baseline,Baseline,0.6747991883914215,0.012685732853064558,0.66184102254171,0.013559182462364447,0.6483785053182155,0.01625409096900061,0.6733794158060435,0.012128939250718803,0.7930853299705758,0.016043354365615964,0.7282169294940848,0.009962001157047798,0.7930853299705758,0.016043354365615964,0.46940328488715577,0.027878217414565257,0.5305967151128442,0.02787821741456528,0.20691467002942412,0.016043354365615964,-0.16659414478622409,0.024433187721347872,0.7801963648422772,0.029879283576635465,-0.10102772693376719,0.05116469363682583,0.8831945412462501,0.056233636108932776,-0.19234528397356693,0.027047108451489103,0.6824645608778355,0.03542771844422553,0.19234528397356696,0.027047108451489096,1.4948242360934458,0.10530777056885963,0.1010277269337672,0.051164693636825846,1.7706792497225394,0.5215948403300303,-2.3667308063757276e-05,0.035342867121703855,1.001237684313002,0.05106261560968046,-0.14668650545366707,0.0211953801572745,0.7828295510620428,0.024350985250157664
,0,XGBoost,0.4800420168067227,0.4800420168067227,compas_baseline,Baseline,0.6617685646811861,0.01279126704050984,0.6514731139358321,0.013607285229416163,0.6428625128733476,0.015262037937100906,0.6706598279062007,0.012471862152277543,0.7557421631192123,0.013402148715827665,0.710571644345351,0.0100357153027422,0.7557421631192123,0.013402148715827665,0.4527959352475482,0.02531998938956372,0.5472040647524519,0.025319989389563737,0.24425783688078767,0.01340214871582767,-0.17258861181947321,0.02072597912418954,0.7648803815955644,0.02456928026885737,-0.11241542946240934,0.04674970610234325,0.8650317126281679,0.053305984029668074,-0.19535900719736093,0.025479697862974323,0.6697758369172315,0.02655629141838075,0.19535900719736093,0.025479697862974323,1.4868017467579828,0.11650125957070952,0.11241542946240932,0.046749706102343254,1.6827200906015183,0.35294984405907986,-0.0006366579218245461,0.03306079325277295,1.0002793264663445,0.05072843300775933,-0.15388721832988517,0.019003502043247772,0.7674037747726997,0.019020806628123346
,0,KNN,0.4800420168067227,0.4800420168067227,compas_baseline,Baseline,0.6257273383486975,0.011298809991903214,0.6190827136022798,0.011662531417605988,0.6151796405406412,0.012286731944233237,0.6513261521231306,0.010906509720811157,0.6863473957736252,0.017471174322109675,0.6682456387666316,0.01076385003124266,0.6863473957736252,0.017471174322109675,0.44818196856906534,0.022861461370832333,0.5518180314309347,0.02286146137083237,0.31365260422637475,0.017471174322109644,-0.13223431123977086,0.017271874854610604,0.801670291413904,0.023943569193952314,-0.08255349919779453,0.03803536413831198,0.888592222324759,0.050365678322798015,-0.15334341184387063,0.03997204158476746,0.7275667735841364,0.05323496388166853,0.15334341184387068,0.03997204158476744,1.3563582717108518,0.12106982590647956,0.08255349919779449,0.03803536413831199,1.3191777468386001,0.15502849016128975,0.005275694799304631,0.03222111225326779,1.0097839133585413,0.051823306118719346,-0.11794845552083259,0.017527593826901614,0.8080794979544477,0.02300027814550078
,0,MLP,0.4800420168067227,0.4800420168067227,compas_baseline,Baseline,0.6725799521916026,0.01090051579441209,0.66210052950164,0.01016524010286429,0.6532551302623387,0.009605115158374518,0.678357125961519,0.007701754781203778,0.768363649101354,0.024215094750681683,0.7203903347752317,0.012164316571379683,0.768363649101354,0.024215094750681683,0.444162590098074,0.01812268930505024,0.5558374099019261,0.018122689305050253,0.231636350898646,0.024215094750681673,-0.21921894215934845,0.025223696123675,0.714373331252799,0.029719491274747264,-0.14172372494520147,0.04577131507116875,0.8353381402906453,0.0505895749189667,-0.26204053370599045,0.020508989849413375,0.5832405644950576,0.022637070049691226,0.2620405337059904,0.02050898984941337,1.7112141384125548,0.09782556656430101,0.14172372494520147,0.04577131507116876,2.0452537551047354,0.4421878191891604,0.010194815196954532,0.027507218203009574,1.0160205411165413,0.041786212169323586,-0.20188212932559596,0.02409209748581206,0.7092893523928515,0.0263074388321257
,0,SVC,0.4800420168067227,0.4800420168067227,compas_baseline,Baseline,0.6743829073926162,0.011218591517454132,0.6598350948657664,0.011485803058860941,0.6429929989171609,0.012858740266030491,0.6687585979479602,0.009124844834718471,0.8072216490249277,0.01578313401641306,0.7314216170266412,0.009692957304851374,0.8072216490249277,0.01578313401641306,0.48755145929339483,0.019672615281865032,0.5124485407066053,0.019672615281865008,0.1927783509750723,0.015783134016413056,-0.20110895274606788,0.02776089201681352,0.7478694669062603,0.030116307748998653,-0.13114862269224684,0.04068660640199907,0.8531420590282434,0.04361153194829009,-0.23428700869160496,0.029184943284068593,0.6421542763725243,0.023462678023231764,0.23428700869160496,0.029184943284068576,1.6922686068186188,0.1636381854328227,0.13114862269224686,0.04068660640199908,2.255719926340616,0.527501752058046,-0.0025078300159167453,0.021280977591782498,0.9967897602191249,0.0313790198666448,-0.18271781569192588,0.028195442522031905,0.7476481677003838,0.028479023897432957
0.0,1428,LogReg,0.6,0.6000323206205559,compas_t0.0_k1428,Baseline,0.7261069340016708,0.006892762840373469,0.7311549288598469,0.007574431626482513,0.7284643652695503,0.007074306096964651,0.6704840808489226,0.0057932169659986,0.7920806424904785,0.020411762566321885,0.7260971405977903,0.00954405099122128,0.7920806424904785,0.020411762566321885,0.3297707847707848,0.0119694731480037,0.6702292152292152,0.011969473148003703,0.20791935750952145,0.020411762566321903,-0.355958206044623,0.025667274979790364,0.5534232449458159,0.027781418673508033,-0.1521338666305109,0.029878353015511845,0.8286575491795729,0.032862995644947136,-0.41284278538932295,0.03821179666415683,0.3731416510053255,0.0370787415345945,0.41284278538932295,0.03821179666415686,2.219057385866914,0.1962659753569368,0.15213386663051093,0.029878353015511845,2.407044983217232,0.4676712153149224,0.07447668140559745,0.019617543922974424,1.1112423134757166,0.03072638306896953,-0.2824883260099169,0.029152023292125573,0.6008996000924492,0.029419478136115517
0.0,1428,XGBoost,0.6,0.6000323206205559,compas_t0.0_k1428,Baseline,0.7210151446993551,0.005958070632232373,0.7239853808465188,0.006568817897804841,0.7227623307785829,0.006412691516310693,0.6738752500514243,0.008344692218125232,0.7597873438037372,0.02577082809585944,0.7139335732360392,0.009672346572722949,0.7597873438037372,0.02577082809585944,0.31181658211069974,0.02003859624283586,0.6881834178893003,0.020038596242835847,0.24021265619626275,0.025770828095859417,-0.2946240425127723,0.022485881375840358,0.5951783097102841,0.033413911759223994,-0.11240187105958921,0.032717904971888416,0.864474601964665,0.04022314252780118,-0.3271530410575756,0.04133311207444328,0.42893743248735616,0.056381564749633836,0.3271530410575756,0.04133311207444329,1.770785886471923,0.1331506852549368,0.11240187105958918,0.032717904971888416,1.664797425340709,0.18694646493702896,0.06851146946420013,0.026580618136873502,1.1028834858878969,0.04145843975602872,-0.2197774560585824,0.023947782256923174,0.6467060172260106,0.03718295340577858
0.0,1428,KNN,0.6,0.6000323206205559,compas_t0.0_k1428,Baseline,0.6918555737634684,0.008811738872953924,0.6904702034812932,0.009194357086766894,0.6901658652747663,0.009343136607192281,0.6609196251293589,0.009060080426947264,0.6737357815226667,0.01781207370109976,0.667168475159309,0.011423751406893855,0.6737357815226667,0.01781207370109976,0.2927953745600805,0.011250123980891492,0.7072046254399196,0.0112501239808915,0.3262642184773332,0.01781207370109977,-0.25482554571284444,0.032393211043133974,0.6092045264820998,0.035353976946922314,-0.08979007072966805,0.06826425216086757,0.8815884640617494,0.08682141052959166,-0.29501852254015376,0.019477671893106636,0.4403817948055907,0.028445732342803662,0.2950185225401538,0.019477671893106636,1.6249792584876215,0.05604036826554522,0.08979007072966805,0.06826425216086754,1.3864749781297439,0.33888063510749566,0.08811442706855492,0.04156516318514535,1.14290900549446,0.06977901540394141,-0.19240429663491093,0.03320245566963215,0.66098512943367,0.03873889435714543
0.0,1428,MLP,0.6,0.6000323206205559,compas_t0.0_k1428,Baseline,0.7300410481331533,0.008601986966712707,0.7322081882544756,0.010497836540190724,0.7310117936815471,0.00972600564161967,0.6865122413358147,0.009803077437692629,0.7582760136038825,0.041501817403999254,0.7198778082114372,0.016389238675061597,0.7582760136038825,0.041501817403999254,0.29385963709493124,0.02591024744507307,0.7061403629050689,0.025910247445073056,0.24172398639611753,0.041501817403999254,-0.3159911662488456,0.025565524653386604,0.5684407381865791,0.037305833497340075,-0.12345016157096696,0.027944774013565234,0.851312477320381,0.037145775240862954,-0.3549376340612998,0.03977577694250872,0.3839149359721434,0.05161171956079897,0.35493763406129986,0.03977577694250875,1.848214411109351,0.1578885208795971,0.12345016157096693,0.027944774013565245,1.7537069231685174,0.13317610349720663,0.07884020749339167,0.01562846537149378,1.1173523522113264,0.024495535217303358,-0.23919389781613337,0.026934943655557847,0.6176137066462623,0.040793301826937856
0.0,1428,SVC,0.6,0.6000323206205559,compas_t0.0_k1428,Baseline,0.7274956890088469,0.009216095904676746,0.7337311528608538,0.009699254959072574,0.7297369373589205,0.009199722956977288,0.6673965585231395,0.008096590051549302,0.8089861413631905,0.02025576856090147,0.7312961286433872,0.010835803699417427,0.8089861413631905,0.02025576856090147,0.3415238356414827,0.012685562588584137,0.6584761643585173,0.01268556258858417,0.19101385863680947,0.02025576856090146,-0.3328268424488741,0.01929797994765603,0.5810376438165404,0.021119118590566036,-0.12183083632748062,0.03151521308645353,0.8626811898603599,0.03422531124321269,-0.3940908963656618,0.03270775282428065,0.39840750676962605,0.03325706398800526,0.39409089636566175,0.03270775282428066,2.1501042759427587,0.17019633390166522,0.12183083632748062,0.031515213086453546,2.1440055482479723,0.5129598003068193,0.07641628916336718,0.024598207021352046,1.1143798297713827,0.03830696886215071,-0.2579608663465712,0.0223670498530539,0.6305443483149931,0.02250830649358503
0.0,3490,LogReg,0.7,0.7,compas_t0.0_k3490,Baseline,0.7660691353066739,0.004233615347115912,0.7680491078157073,0.0054170340578585646,0.767988018777575,0.005389455631834151,0.6555667876399586,0.004178465093794994,0.775676054364579,0.010895572263884856,0.7105591834415511,0.006414804505337501,0.775676054364579,0.010895572263884856,0.23957783873316427,0.0034497111245696717,0.7604221612668358,0.0034497111245696457,0.22432394563542105,0.010895572263884835,-0.47478471988684384,0.02426313695402862,0.4098338180698873,0.01851492598690843,-0.18270399746909813,0.01826055341689799,0.7947386862829561,0.019740578776307728,-0.5046304830258679,0.03966209886121048,0.2501375569260288,0.025782885773588927,0.5046304830258679,0.039662098861210485,2.561212591259081,0.2447234489115903,0.18270399746909813,0.018260553416898,2.6753051834200825,0.2546800474162906,0.1263300245482381,0.01357368817105314,1.1891560356063304,0.022187593673770933,-0.3436672402474831,0.025876583549315546,0.5224381216044925,0.01979205108461283
0.0,3490,XGBoost,0.7,0.7,compas_t0.0_k3490,Baseline,0.7742904224159382,0.006506659566861484,0.7700562431458415,0.007400220845171746,0.769776377506824,0.007553543240259179,0.674889793359942,0.009806964977160321,0.7537276930719554,0.017517349425636222,0.7119875784906631,0.009023877724630903,0.7537276930719554,0.017517349425636222,0.2136152067802725,0.011257570699364427,0.7863847932197275,0.011257570699364406,0.24627230692804464,0.0175173494256362,-0.40714275386140386,0.03586255343399269,0.44109169955591154,0.037529373292654676,-0.1134928705398504,0.024183963183064306,0.8623295297519673,0.029570370042246462,-0.42499827612161356,0.06375625092459554,0.2688684263780363,0.059781941925140816,0.42499827612161356,0.0637562509245955,2.031108444414079,0.2366017109041647,0.11349287053985042,0.024183963183064275,1.6476991087344028,0.13639692314861976,0.1401646306365538,0.027638937327116645,1.2116311863639706,0.04582632398211378,-0.269245573330732,0.040355744323573584,0.5655989780650018,0.040765702822119505
0.0,3490,KNN,0.7,0.7,compas_t0.0_k3490,Baseline,0.7546708019224138,0.011665075953864236,0.7399673276867577,0.014451995484483312,0.7376812376880408,0.015366838042150504,0.6636989684888698,0.012722045060540893,0.6833170927433223,0.025841704411406027,0.6732811927180316,0.01864358212254692,0.6833170927433223,0.025841704411406027,0.20338243736980685,0.005739735165559086,0.7966175626301932,0.005739735165559086,0.31668290725667775,0.025841704411406024,-0.36049175574692016,0.02187018809503031,0.4533170636854843,0.018512837751746763,-0.09599665559397105,0.023118668136320648,0.8706001598231248,0.032156439936288014,-0.38014052788370395,0.04524344491498557,0.2839718664863203,0.03555034324436607,0.38014052788370406,0.045243444914985546,1.820052633801692,0.15418845763301522,0.09599665559397101,0.02311866813632065,1.3747977025392593,0.0890921022982358,0.15383814284832614,0.02082827049244346,1.2426799587002797,0.03685258508179488,-0.23806859173883752,0.023844237945866407,0.5772860131547225,0.021186049400746663
0.0,3490,MLP,0.7,0.7,compas_t0.0_k3490,Baseline,0.7825107491913552,0.009571811426566242,0.7761008229974979,0.014065845204094124,0.7753204443591836,0.014543845783981947,0.6894397897797498,0.011466191362702742,0.7514336301221547,0.036724665267683115,0.7185998238373964,0.017172274137027717,0.7514336301221547,0.036724665267683115,0.1992319841271587,0.014969812599594116,0.8007680158728412,0.01496981259959414,0.24856636987784525,0.036724665267683115,-0.4331973595214794,0.04810681209524174,0.4142596775940849,0.026184021808043148,-0.14504327390233426,0.026997279490902092,0.8277917186855607,0.030991497970403844,-0.4406655072399424,0.08659819626706043,0.24222416322604645,0.04385505638147416,0.4406655072399424,0.08659819626706045,2.1191414079135953,0.384351777649667,0.1450432739023343,0.026997279490902096,1.9726853940068125,0.2727393233770189,0.13656143798011708,0.022195405302888795,1.2023832863802777,0.03630518873932641,-0.2928543905711383,0.050568880564425406,0.5350079409558035,0.030382870675738388
0.0,3490,SVC,0.7,0.7,compas_t0.0_k3490,Baseline,0.7789610497321977,0.012493857752254978,0.7849908073840275,0.013482404946554592,0.7845821582101462,0.01337079801893901,0.6661284176616163,0.014598743656338125,0.808223152075611,0.020320044746825,0.7302526648527203,0.0154301272292231,0.808223152075611,0.020320044746825,0.2382415373075561,0.012647766066300366,0.7617584626924441,0.012647766066300366,0.19177684792438893,0.020320044746824983,-0.44490234234778897,0.026989774063774154,0.43878664791483885,0.02477202194307422,-0.11873771269744426,0.02644102207818147,0.8654454981206376,0.0300167050840899,-0.48442987491649425,0.04277004762684266,0.25986381739149106,0.03796114864679053,0.4844298749164942,0.042770047626842625,2.413018270335771,0.21400230528710223,0.11873771269744426,0.02644102207818152,2.0255078414561174,0.2571322166497938,0.1393583198878515,0.020774795739991723,1.2078374383745019,0.032953624746915475,-0.30158379380696926,0.028035575133798733,0.5626546577560644,0.02566131128821711
0.0,7615,LogReg,0.8,0.8,compas_t0.0_k7615,Baseline,0.8209593834110931,0.004485877211845857,0.7906277028097447,0.007607796350908465,0.7878710932865453,0.008390688616871443,0.6472790305973853,0.007571235102538783,0.7254658820232592,0.016579472623338525,0.6840538223526484,0.009435343454210968,0.7254658820232592,0.016579472623338525,0.14421047640376944,0.005129511556179133,0.8557895235962304,0.005129511556179152,0.274534117976741,0.016579472623338545,-0.608390966483489,0.02087390826272244,0.24650062459588812,0.011266380046048078,-0.2566705082141324,0.0224912404366819,0.7104044629041295,0.02243197945796583,-0.5949643111311825,0.04614460111678775,0.1337880641393095,0.013403299081183035,0.5949643111311825,0.046144601116787705,2.954077470040911,0.4060609397973242,0.2566705082141324,0.02249124043668192,3.3453197099414114,0.5924156728876104,0.19220489360960707,0.023421565289023564,1.2926045589708388,0.04586668683441059,-0.42581740967265747,0.025437906573168727,0.4220962635217195,0.0153144696547761
0.0,7615,XGBoost,0.8,0.8,compas_t0.0_k7615,Baseline,0.8358616086302433,0.006947615029703873,0.8101746495395661,0.012481394977583996,0.8081695134539777,0.013387255419518228,0.6715307544607233,0.009204289000028803,0.7549893640057574,0.02539602922932251,0.7106895175611365,0.015151224964589387,0.7549893640057574,0.02539602922932251,0.1346400649266252,0.004349074354166716,0.8653599350733747,0.004349074354166715,0.24501063599424255,0.025396029229322527,-0.5111377997103921,0.02870186873871329,0.29732932254040784,0.016458169453922367,-0.10934038370279982,0.030249241362768305,0.8675877617094988,0.03490988884320415,-0.48732048868580036,0.03892049387859592,0.15876672511106962,0.01755075451433834,0.48732048868580036,0.038920493878595884,2.1719827335985693,0.18235755989614832,0.10934038370279979,0.0302492413627683,1.6577840851455765,0.2900914366981372,0.20470807077382586,0.013619375799100695,1.3084071002746893,0.026995180781677643,-0.2983304361943001,0.03137663934982087,0.5131772434102843,0.023623662473952353
0.0,7615,KNN,0.8,0.8,compas_t0.0_k7615,Baseline,0.8210938813011772,0.004899644968197586,0.7794964561712984,0.010336365627008886,0.7742205480715199,0.012028206628378254,0.657432117664842,0.00683292972771918,0.6901355930044455,0.02323533201687436,0.6732204275022816,0.013096153248266365,0.6901355930044455,0.02323533201687436,0.13114268066184853,0.004683393771979463,0.8688573193381515,0.004683393771979463,0.30986440699555456,0.023235332016874357,-0.4578159717630186,0.016773895102013953,0.30912332768204004,0.010252765659781483,-0.08080265744695274,0.026201688836651617,0.8910383251649346,0.035098689722606845,-0.4514021632920196,0.031909569362852795,0.16849812445047593,0.015999753716075007,0.4514021632920196,0.03190956936285278,1.9949206898355132,0.1316464598757114,0.08080265744695275,0.026201688836651624,1.3159851717497895,0.11123400075132345,0.22996825732700038,0.018530102715961207,1.366316118492142,0.03753399718436223,-0.2661024103694862,0.018166585390575817,0.5297682248077052,0.016826006450163206
0.0,7615,MLP,0.8,0.8,compas_t0.0_k7615,Baseline,0.8417285730692651,0.004568487428100652,0.8189033136999111,0.00684457502332716,0.8173511225744245,0.007307377725436195,0.6803501771743063,0.010740070965876133,0.7698702026570879,0.017076967314130397,0.7221781701374559,0.008014273020795926,0.7698702026570879,0.017076967314130397,0.1320635752572658,0.007748661231331247,0.8679364247427342,0.007748661231331246,0.23012979734291208,0.017076967314130376,-0.5423302075999196,0.027502354905161803,0.2821216121115375,0.018136556627601122,-0.1317641741802816,0.03446903673499994,0.8458561916846186,0.03848608036932575,-0.519696672941692,0.03694335587333341,0.1423738471207277,0.017553059362165304,0.519696672941692,0.036943355873333465,2.335530971835566,0.20658639604759133,0.13176417418028155,0.03446903673499993,1.9203217274545186,0.3057764708213461,0.20342918607917157,0.009431810094595724,1.3028861837360952,0.016576086562984503,-0.3257304235609867,0.034771741852222406,0.4941150194026731,0.02611016155924453
0.0,7615,SVC,0.8,0.8,compas_t0.0_k7615,Baseline,0.8401780948558082,0.004429616455593476,0.830431706089434,0.010544309232611886,0.8300452188615134,0.011062329095841197,0.6651193778941239,0.0040531861352665795,0.8094918287541238,0.0242782811173605,0.7300929999517415,0.011329349095778466,0.8094918287541238,0.0242782811173605,0.148628416575256,0.00413448504334174,0.8513715834247441,0.00413448504334174,0.19050817124587618,0.024278281117360512,-0.5649023020428316,0.02118080201023933,0.2910399546607908,0.011280566173717865,-0.12320023501231561,0.015331313856013632,0.8607040998146177,0.019858062442753895,-0.5594306453240271,0.04789499788912603,0.15115153596436753,0.014503467238689982,0.5594306453240271,0.04789499788912602,2.686422776344494,0.36568214451506537,0.12320023501231556,0.015331313856013636,2.089120957638399,0.08267244361037149,0.20156976893083964,0.018962592645410368,1.3009357164192712,0.03581392166698375,-0.34131544016817134,0.025909174272131814,0.5059278178894926,0.014319619233705259
0.25,1428,LogReg,0.6,0.6000323206205559,compas_t0.25_k1428,Baseline,0.6542455229955231,0.011575629404445639,0.645213883138184,0.010816725271250842,0.6357419705650458,0.009796583271649,0.649583529187177,0.019977137081179642,0.536207280879412,0.014078896470883671,0.5871874094204161,0.010523967641488797,0.536207280879412,0.014078896470883671,0.245779514603044,0.02406594709520044,0.754220485396956,0.02406594709520044,0.4637927191205879,0.014078896470883659,-0.6493512716577138,0.03599537891697208,0.23091421064765885,0.03467702275018994,-0.6091749711883939,0.0389693177846285,0.3358526452520823,0.03391983183265068,-0.612564338542686,0.03826638708550371,0.16329806361877774,0.043905367441400646,0.612564338542686,0.03826638708550374,3.29945011795972,0.26245542409714623,0.6091749711883939,0.0389693177846285,8.587923048668502,1.5943344747181536,-0.009938985542709689,0.01602545334601202,0.9851780379068377,0.02421843609351546,-0.61086965486554,0.03396210671870937,0.24957535443543,0.035704244300658966
0.25,1428,XGBoost,0.6,0.6000323206205559,compas_t0.25_k1428,Baseline,0.7163865191825718,0.006955915902756743,0.7191291222438763,0.007511628742803504,0.7177967841295969,0.007681117591194471,0.6703863412823285,0.011038201949366867,0.7522131784426865,0.03222573364608812,0.7083994481789383,0.011793289182622428,0.7522131784426865,0.03222573364608812,0.31395493395493396,0.02662769192649535,0.6860450660450661,0.026627691926495334,0.24778682155731335,0.0322257336460881,-0.291026589833026,0.01146029886026838,0.5970383038710494,0.02258374502353261,-0.11051182970646059,0.035487301214208636,0.8654211841453403,0.044279303481817196,-0.32574922356653524,0.04836616240915414,0.4328349044837088,0.05035245424976256,0.32574922356653524,0.048366162409154145,1.7822246647928157,0.1922434474708926,0.11051182970646056,0.035487301214208636,1.6364426577631028,0.22006373064065712,0.07002460078696274,0.035714922943121404,1.1070675693359626,0.05787198602531026,-0.2181305266364979,0.01191470845082021,0.6491280443145245,0.02421424072968409
0.25,1428,KNN,0.6,0.6000323206205559,compas_t0.25_k1428,Baseline,0.67692843219159,0.008525051959245489,0.6753506150444435,0.008880660146850268,0.6749742574292396,0.009064424701259606,0.6452788184288523,0.008895907464510447,0.6563207739437248,0.017563590407719185,0.6506541576078114,0.01124572441935192,0.6563207739437248,0.017563590407719185,0.30561954385483797,0.011610236565537219,0.6943804561451621,0.011610236565537202,0.3436792260562752,0.01756359040771917,-0.2602668497917665,0.03534987630951285,0.602811538843351,0.03741029789109239,-0.11120873161141616,0.05810679390171928,0.850140877411118,0.07266127406084945,-0.29586014103785413,0.02560386437067835,0.4532500743058797,0.02776899736786717,0.2958601410378542,0.02560386437067834,1.6481900428582215,0.09043690708791352,0.11120873161141617,0.05810679390171927,1.4443680161727286,0.2849798340642314,0.07807538383235361,0.030069928505880143,1.1271649910481905,0.05055596099586173,-0.20353443632463514,0.0372805093606259,0.651695475858499,0.04109799344245898
0.25,1428,MLP,0.6,0.6000323206205559,compas_t0.25_k1428,Baseline,0.7105996829681039,0.004856491985795344,0.7107138497953349,0.005899922700716224,0.7104542521704922,0.005893019486970175,0.674950222685226,0.005863507763336086,0.7120858649547175,0.023827043496885667,0.692761504124206,0.009988265735083766,0.7120858649547175,0.023827043496885667,0.2906581653640477,0.01536723360586342,0.7093418346359522,0.015367233605863406,0.2879141350452826,0.023827043496885685,-0.3559620989851986,0.03198160111494385,0.5186697081161044,0.03504797656170484,-0.1973353218990803,0.037517538992571715,0.7646618060062996,0.040729756751033186,-0.37732855617875016,0.035191673955413096,0.36154585348519713,0.04408204222333226,0.37732855617875016,0.035191673955413096,1.9256368733104232,0.12156393904676091,0.19733532189908026,0.0375175389925717,2.2675936847697007,0.37107864791314377,0.059651076533208246,0.021403967625030756,1.0902151719320028,0.03379892027247834,-0.28733193903891524,0.03239146367403916,0.5631038297457482,0.03791262976035894
0.25,1428,SVC,0.6,0.6000323206205559,compas_t0.25_k1428,Baseline,0.6889603147826832,0.0043180298199112215,0.6845325969433973,0.0048951134009579955,0.6822533602841384,0.005595894589575848,0.6712216663220418,0.006972005907587783,0.6310860814959176,0.018951450057044277,0.650322634996658,0.008824630063791958,0.6310860814959176,0.018951450057044277,0.2620208876091229,0.013836918018269364,0.7379791123908771,0.013836918018269355,0.36891391850408245,0.018951450057044288,-0.4858186084383519,0.01570033357288211,0.37634107108021286,0.02181150999966498,-0.3959297674733916,0.011250070013270356,0.5490284898922554,0.01694870271466877,-0.45905795123415105,0.027552017237984724,0.26743731535880183,0.03210872630579488,0.45905795123415116,0.027552017237984724,2.2328002441770125,0.11948796586475825,0.3959297674733916,0.01125007001327033,4.307978779303644,0.4225066988204708,0.012927938763017743,0.014208788130954851,1.0193453557984624,0.02128133562155876,-0.4274938593537714,0.016961395511434888,0.40823290262552864,0.023285350599389777
0.25,3490,LogReg,0.7,0.7,compas_t0.25_k3490,Baseline,0.6862851667707028,0.00230693991155467,0.6137667446603703,0.0027809994063968673,0.5464542605737306,0.004339422772197218,0.6479173312196124,0.005550845418585388,0.3343427974575516,0.005296799489227845,0.4410611488411103,0.005472527346528435,0.3343427974575516,0.005296799489227845,0.10680930813681086,0.002109485429317889,0.8931906918631892,0.0021094854293178867,0.6656572025424484,0.005296799489227831,-0.8333338875264975,0.010643662117429419,0.0,0.0,-0.8904594038822227,0.01417134362199489,0.0,0.0,-0.7453554831472677,0.015257540315402888,0.0,0.0,0.7453554831472677,0.0152575403154029,3.9412652085095745,0.23760234881743916,0.8904594038822227,0.01417134362199489,9.277386758588094,1.1498675389490702,0.05982709173282341,0.010096179572011475,1.0937275410019536,0.01730945663844657,-0.8179074435147452,0.010608149574089386,0.0,0.0
0.25,3490,XGBoost,0.7,0.7,compas_t0.25_k3490,Baseline,0.7718608214346514,0.005948142185991523,0.767554171940452,0.006048002722148549,0.7673123591012315,0.006126224197468587,0.6717720210990089,0.009289031130873123,0.7509489599653534,0.01265424564140664,0.7090659240118251,0.007308988262262974,0.7509489599653534,0.01265424564140664,0.21584061608444985,0.010097371293322869,0.7841593839155501,0.010097371293322884,0.24905104003464656,0.012654245641406653,-0.40243204647161585,0.03442149189543832,0.4450889730374719,0.03450061556384092,-0.10178925722549884,0.015813677953535835,0.8750244019647819,0.019410482385927783,-0.4308561975566943,0.061893689759501,0.26756507128571694,0.05588501477472571,0.4308561975566943,0.061893689759500985,2.063161803949475,0.23936203451723176,0.10178925722549885,0.01581367795353588,1.5501832261621948,0.09184850952715762,0.14865189238072565,0.026062098426675253,1.2272715273393828,0.043984890918572134,-0.2663227273910966,0.03741352592472444,0.5712947366252494,0.03589463339646412
0.25,3490,KNN,0.7,0.7,compas_t0.25_k3490,Baseline,0.7441142011550197,0.01193456862170766,0.726491157048643,0.01397236641073491,0.7231905195565136,0.014849390907453124,0.6531169106075552,0.01519446343608796,0.6585915905588037,0.024244248527907065,0.6557292736371406,0.01811815600993557,0.6585915905588037,0.024244248527907065,0.20560927646151778,0.010057873186272435,0.7943907235384822,0.010057873186272439,0.3414084094411963,0.024244248527907034,-0.3589252229682838,0.027786291767940237,0.4484498711554513,0.02752244073461695,-0.12053329717759251,0.04124811362035597,0.8359311928573853,0.05556796629309889,-0.3679157628156079,0.05935303263552261,0.29814657660496635,0.04522136859785487,0.36791576281560795,0.05935303263552262,1.790074306162388,0.19079752802735062,0.12053329717759247,0.04124811362035597,1.4546984216140841,0.16042913261494077,0.14331326902173572,0.02822264212504415,1.2278208903412449,0.05028583661235,-0.24422452999660021,0.03649617658693594,0.5670388847311758,0.035646787365725206
0.25,3490,MLP,0.7,0.7,compas_t0.25_k3490,Baseline,0.7658822630703619,0.00872577581633832,0.755324893156214,0.012864873685406028,0.753756732766841,0.013879785557859415,0.6735969548634824,0.013301538151313538,0.714621626097036,0.037012789554192155,0.6928859361105852,0.016773248437991675,0.714621626097036,0.037012789554192155,0.20397183978460803,0.018061798818038165,0.796028160215392,0.01806179881803815,0.28537837390296406,0.03701278955419215,-0.45706785465528554,0.013884420749399039,0.3862452152876963,0.0279982638505363,-0.19980927846699661,0.012009774112074541,0.7612078551496531,0.022179203073304003,-0.4627810147226845,0.03405145922689193,0.22989734786905794,0.04002931068998968,0.4627810147226845,0.03405145922689191,2.165255059810125,0.1392243569949203,0.19980927846699661,0.012009774112074517,2.280873186923221,0.19939872934666394,0.12925803359670102,0.024670905947960942,1.1954735256240017,0.04271347294802467,-0.33129514659484055,0.02270423316131855,0.4955526015093555,0.029739650990359138
0.25,3490,SVC,0.7,0.7,compas_t0.25_k3490,Baseline,0.7409378533046398,0.00598326944310212,0.7104513027392714,0.008223934494994358,0.7005155187029645,0.010182555456668848,0.6696312100348198,0.009054408148689547,0.5929821544575643,0.020538281762959482,0.6287663578399704,0.012346097245228173,0.5929821544575643,0.020538281762959482,0.17207954897902172,0.009025749260333909,0.8279204510209783,0.00902574926033392,0.4070178455424357,0.0205382817629595,-0.5722165736503821,0.02416162793068977,0.25603386219137525,0.022692783396058975,-0.43433846292906697,0.032869496645331446,0.49746874430498816,0.03696361972711446,-0.5254084736195734,0.03994654960993527,0.15663444763798956,0.027561547739597996,0.5254084736195734,0.039946549609935246,2.4075037702058593,0.20883953053656187,0.43433846292906697,0.032869496645331474,4.221561938673321,0.39835352121411594,0.08843270394623318,0.01959940995198832,1.1319392638733827,0.031262147994066077,-0.4798734682743202,0.027895178026464826,0.32705159597148886,0.026733273839980625
0.25,7615,LogReg,0.8,0.8,compas_t0.25_k7615,Baseline,0.7659321210935855,0.005349564634137671,0.6154569862829516,0.008680070460267513,0.52354861356621,0.014612199347550491,0.6344632112237399,0.018560296076459416,0.2922057905664463,0.01598924281196404,0.40005741560762853,0.018437504667617028,0.2922057905664463,0.01598924281196404,0.061291818000542744,0.002077786808200926,0.9387081819994572,0.0020777868082009015,0.7077942094335536,0.015989242811964045,-0.7432927386840683,0.021733830655990032,0.0,0.0,-0.7782478024088764,0.042853189682918576,0.0,0.0,-0.6894076171144704,0.02239423426535685,0.0,0.0,0.6894076171144704,0.02239423426535685,3.2362753814621383,0.2312679993909489,0.7782478024088763,0.0428531896829186,4.710366178896024,1.0525086524242824,0.2058497859428904,0.032239316129107146,1.3503981790318036,0.07259803364615615,-0.7338277097616733,0.017072663418466447,0.0,0.0
0.25,7615,XGBoost,0.8,0.8,compas_t0.25_k7615,Baseline,0.8339063859207044,0.0045718359152401656,0.8057145275520196,0.010388589445309196,0.8033144021305597,0.011422801260752688,0.6701775294385489,0.004417882821503107,0.7451485217878661,0.023359823139062156,0.7055345534840031,0.012012667027549178,0.7451485217878661,0.023359823139062156,0.1337194666838269,0.0035084777074426967,0.8662805333161732,0.0035084777074426868,0.25485147821213394,0.023359823139062156,-0.5131398477060392,0.035570392381267545,0.29320104013463777,0.017504207173224935,-0.11757620952251828,0.04247611749460294,0.8577997592987611,0.045473442320653694,-0.4917210619090861,0.034633008558430656,0.15537846179561723,0.013675873071012533,0.4917210619090861,0.03463300855843068,2.1899339200468915,0.18506703313453568,0.11757620952251824,0.042476117494602936,1.7482941333433977,0.5147854861171802,0.20724437441458102,0.011994412130424131,1.3139641305619396,0.023313313384209434,-0.30464863571580214,0.03690499618675226,0.5065891105471891,0.02815343312557819
0.25,7615,KNN,0.8,0.8,compas_t0.25_k7615,Baseline,0.8132716259257533,0.006491331142871144,0.7660629715596445,0.010124733640906842,0.7592208971489726,0.01157180405059746,0.6465781505093768,0.01156461016185385,0.6646493306329372,0.0202071279954818,0.6553703157581843,0.013838087114187596,0.6646493306329372,0.0202071279954818,0.1325233875136481,0.0060545790590458065,0.8674766124863519,0.006054579059045813,0.3353506693670628,0.020207127995481803,-0.46720117925587806,0.01867883900481898,0.29720424637247084,0.011178823654600946,-0.12051747904096899,0.035082547816285226,0.8376085063099342,0.04634624316049319,-0.4567160305582399,0.023826702949619426,0.16778327932896522,0.011334584301192222,0.4567160305582398,0.023826702949619416,2.017354739278117,0.1032675875393422,0.12051747904096896,0.03508254781628519,1.4698509901864376,0.14663727410754368,0.22401981324530057,0.01208905667717854,1.3578101508682927,0.021617876317407195,-0.2886167547996044,0.02283403068130052,0.5026958928194498,0.022565236829013863
0.25,7615,MLP,0.8,0.8,compas_t0.25_k7615,Baseline,0.8314788968625877,0.004052079705024422,0.7899512656682977,0.006323978597386815,0.7848506517927137,0.007082144403155799,0.6790492374665129,0.008082663598767331,0.7007387876240336,0.013562554611215003,0.6896460632345887,0.008195697744786122,0.7007387876240336,0.013562554611215003,0.12083625628743833,0.00478486575810459,0.8791637437125617,0.004784865758104602,0.2992612123759664,0.013562554611215008,-0.5640776038366961,0.019011497893102573,0.24456078877348292,0.010689391639903036,-0.2231089417666599,0.023398391580195882,0.7346806597534146,0.024211008146101123,-0.5286240914567393,0.02893733620591392,0.1229234854808741,0.01154075021548973,0.5286240914567394,0.02893733620591393,2.3403207983474585,0.15521876410103946,0.2231089417666599,0.023398391580195906,2.4252878068433628,0.3029591490718322,0.19847344638034195,0.013215098426836176,1.2985301659077242,0.024985054331723,-0.37586651661169956,0.018778140715644022,0.4288020726171444,0.015301104297571269
0.25,7615,SVC,0.8,0.8,compas_t0.25_k7615,Baseline,0.8140805236184343,0.0018161263840750842,0.7458574649998595,0.004758088215320269,0.7312173018982004,0.006908515662531693,0.6704441524688546,0.00876086048957459,0.599297196428344,0.01546972985848892,0.6326588773198965,0.005816802756223418,0.599297196428344,0.01546972985848892,0.10758226642862496,0.006722815526345647,0.892417733571375,0.006722815526345605,0.40070280357165605,0.015469729858488915,-0.6399295822013308,0.026067418806660223,0.17235404904234625,0.014000390354399934,-0.4360915644137121,0.023528724195654147,0.49971156601209776,0.025985609366514395,-0.5635657952313047,0.04745808368925997,0.09322239962778843,0.014427071370353957,0.5635657952313047,0.047458083689259994,2.5264573151014766,0.3245794190045531,0.4360915644137121,0.023528724195654153,4.426379212175961,0.38459842249232484,0.16346224957921202,0.013943244201109158,1.2416887526781768,0.02510169544264023,-0.49982867982250834,0.03158180009251461,0.29646698281994305,0.019459389572791228
0.5,1428,LogReg,0.6,0.6000323206205559,compas_t0.5_k1428,Baseline,0.6044883174817385,0.009305072016428984,0.5953254468129108,0.008708964164523717,0.5847819404142454,0.008030104238592487,0.5830596457617344,0.014343171021295485,0.4847328900607589,0.013488703888928037,0.5291620297715834,0.009274789618867104,0.4847328900607589,0.013488703888928037,0.2940819964349376,0.020395742331051795,0.7059180035650624,0.020395742331051757,0.5152671099392412,0.01348870388892802,-0.6605976550498033,0.019029786603077043,0.2268825796214074,0.022649100801607657,-0.7131344767586378,0.020239768371860548,0.23325624107066814,0.02143230476175662,-0.5595412332010872,0.026770205576896515,0.24185177896973603,0.031336408607145205,0.5595412332010872,0.026770205576896442,3.155625903548123,0.2653487738761845,0.7131344767586378,0.020239768371860575,11.348175423704834,1.3619931766053293,-0.08740169182435051,0.013781231339357256,0.8691029246594137,0.020046360406153048,-0.6363378549798625,0.016904867635757288,0.23755401002020213,0.02258776394787904
0.5,1428,XGBoost,0.6,0.6000323206205559,compas_t0.5_k1428,Baseline,0.721478710130026,0.00816022373280348,0.724469597690427,0.008456101349089992,0.7230127695210419,0.008815752146013522,0.6744921140508214,0.012049733875237839,0.7605414166889577,0.03158947602698606,0.7144085438375687,0.011889932344451785,0.7605414166889577,0.03158947602698606,0.31160222130810367,0.027346051916195945,0.6883977786918962,0.027346051916195924,0.23945858331104236,0.031589476026986044,-0.28803969056996637,0.017709672746629563,0.6013134129484121,0.03255762629130957,-0.10148600094908819,0.039690886664007906,0.8770304528318345,0.04899655152921678,-0.3248223691583728,0.04359280240893002,0.4304542214975706,0.06180970609972072,0.3248223691583728,0.04359280240893002,1.763853728391036,0.15267279636378453,0.10148600094908819,0.03969088666400794,1.5983121981629214,0.24446229531814082,0.07315030324355387,0.03659441424118317,1.1112360675184216,0.058678830966870356,-0.2131541850537305,0.01851459745185697,0.6537423371647025,0.036413151361305615
0.5,1428,KNN,0.6,0.6000323206205559,compas_t0.5_k1428,Baseline,0.6699847910374226,0.005336460708321145,0.6695983198201135,0.005742488496305779,0.6694204340894235,0.005886712036206037,0.6336513228590833,0.005839011474910801,0.6649059956437007,0.017883301915133362,0.6487568365830405,0.008582676227885307,0.6649059956437007,0.017883301915133362,0.32570935600347367,0.013233831587223875,0.6742906439965263,0.013233831587223868,0.33509400435629944,0.017883301915133362,-0.24242822711360512,0.03574202010429733,0.6309715443248705,0.04448175742813332,-0.11147131267936641,0.05733970630044332,0.8509406885037649,0.07326386186575685,-0.26010455778307373,0.030417269128550025,0.512233201019803,0.04314200742078087,0.26010455778307384,0.030417269128549987,1.5588816624783295,0.08587452284506249,0.11147131267936636,0.05733970630044333,1.4514741553353707,0.2695852630600539,0.056429865726272864,0.029746258954525536,1.0909911801235375,0.04853482359179028,-0.1857879352312201,0.037714908061373675,0.6815869447617839,0.04831106930391721
0.5,1428,MLP,0.6,0.6000323206205559,compas_t0.5_k1428,Baseline,0.7016888508664825,0.007924008871572966,0.6995954351017031,0.010106859918772916,0.698113816308986,0.012175072132121139,0.6757149677421334,0.012184883352003628,0.6742516590877247,0.04555500300989841,0.6738213557469963,0.02019001288906248,0.6742516590877247,0.04555500300989841,0.2750607888843183,0.029899866715263915,0.7249392111156816,0.029899866715263918,0.32574834091227534,0.04555500300989841,-0.3823210097223109,0.028784529770941952,0.4766361680711085,0.04660994853453098,-0.24184303889001874,0.04352046776610123,0.7058040478621502,0.059054340964544996,-0.39428588883469845,0.03950203979260911,0.3292061084605833,0.04663209457894088,0.3942858888346984,0.039502039792609085,1.9770756077450264,0.19180011897115518,0.2418430388900188,0.043520467766101203,2.3967544425149105,0.2534893070911343,0.0546040134644034,0.01660114140366816,1.0829713058480315,0.026558087702574406,-0.3180644638623586,0.033612890099574834,0.5175050781613667,0.05074167678236245
0.5,1428,SVC,0.6,0.6000323206205559,compas_t0.5_k1428,Baseline,0.67750459214275,0.007478025673978627,0.6706318114008567,0.008078633663994913,0.6653077352273655,0.009287845775201434,0.6689507130412403,0.008802697176942788,0.587686448342186,0.020200016984161143,0.6254942385661701,0.012508912056571751,0.587686448342186,0.020200016984161143,0.24642282554047262,0.012079311074990572,0.7535771744595274,0.012079311074990568,0.41231355165781397,0.02020001698416114,-0.47304613844655014,0.028877080229279414,0.3624844764205387,0.029487051805874683,-0.3954701376177886,0.0264756718441771,0.5263245249641798,0.026716089653034958,-0.44349233485768175,0.043090404561945975,0.26035937983353113,0.03969088166015038,0.44349233485768175,0.04309040456194596,2.117992404216952,0.1889318297845381,0.3954701376177886,0.02647567184417708,3.4494100395847256,0.4087816752273432,0.018560583914806927,0.019337197681370887,1.0287910518224863,0.029326272550518454,-0.4194812362377352,0.030728623229133906,0.3933419523988555,0.031780183250778256
0.5,3490,LogReg,0.7,0.7,compas_t0.5_k3490,Baseline,0.6881538891338225,0.0019161718216394548,0.6211256336501334,0.0018571201452837766,0.5648809651695192,0.002227782197749251,0.6388474503217857,0.0047690555666384206,0.3628568153158317,0.0025211838998168757,0.4628259887993769,0.0028937209302993374,0.3628568153158317,0.0025211838998168757,0.12060554801556489,0.002245900912627885,0.879394451984435,0.0022459009126278855,0.6371431846841683,0.0025211838998168757,-0.9119895912447558,0.0047602273015682145,0.0013258545609631791,0.0009391557961538595,-0.9588692292047997,0.007606493389289691,0.0029443849776818985,0.002154027921493881,-0.8380094442174458,0.01512303366378021,0.0006163819319248214,0.0005035407320945059,0.8380094442174458,0.01512303366378021,6.2463409614479675,0.5985708944325837,0.9588692292047997,0.007606493389289691,27.011759805850716,5.500791679726208,0.053787147000996204,0.008800351439202879,1.0833679140922636,0.0146450466636687,-0.898439336711123,0.006096208067504806,0.0017803834548033599,0.001270299494637598
0.5,3490,XGBoost,0.7,0.7,compas_t0.5_k3490,Baseline,0.7692450029901303,0.005207109937499599,0.7642304824100028,0.007414016162299427,0.7638324501321054,0.00765857814224459,0.669378263905711,0.007593261218212755,0.7448947227635753,0.02127976414136002,0.7049256781533463,0.009258210681366057,0.7448947227635753,0.02127976414136002,0.21643375794356962,0.010882466622836953,0.7835662420564304,0.010882466622836954,0.25510527723642473,0.02127976414135998,-0.40484797599839795,0.031151342884727273,0.44142234442200695,0.03444596366707344,-0.10933812396899645,0.021559943914775146,0.8653562065920111,0.027299600669742866,-0.4325717328804771,0.0573508275642003,0.26658005789920586,0.05302385668696732,0.4325717328804771,0.05735082756420025,2.06840759398498,0.22264871313179493,0.10933812396899645,0.021559943914775132,1.5845600694697695,0.10692148316306883,0.1473688042148909,0.02639102341443162,1.2260644121389328,0.04501112577920825,-0.2709549284247368,0.036254387983461256,0.5659681322456085,0.03684461991442739
0.5,3490,KNN,0.7,0.7,compas_t0.5_k3490,Baseline,0.7369203403073941,0.010074256972620238,0.7223400356693264,0.01257362202901877,0.7200607529428475,0.01340139764092674,0.6386045745817299,0.0109545625637542,0.6661609792757334,0.02270006085611656,0.6520302698183787,0.01629557037900528,0.6661609792757334,0.02270006085611656,0.22148090793708058,0.0045827778824737535,0.7785190920629195,0.0045827778824737595,0.33383902072426663,0.022700060856116585,-0.34337625055576754,0.025523711557601688,0.4729670032174762,0.02656524127348261,-0.10734594264795608,0.03922542258866205,0.8538167151483493,0.05326773514534107,-0.3529998883121045,0.060531772734306856,0.33150690154303425,0.05279023841955457,0.35299988831210455,0.060531772734306856,1.76329671818466,0.1961845804125782,0.10734594264795608,0.03922542258866203,1.404518682221534,0.14923040651299643,0.13609078691650706,0.032423766537047025,1.2174099961973437,0.05792170404685223,-0.23017291548003033,0.033178934898484586,0.5926618083456918,0.034304270894548086
0.5,3490,MLP,0.7,0.7,compas_t0.5_k3490,Baseline,0.7588740085644319,0.009323785018926514,0.7400358521631911,0.014649873752280147,0.7359446851564114,0.017482362019367054,0.6770564771749297,0.011050095143286975,0.6674302928401288,0.03946857961662397,0.6715251770701375,0.020852032712745935,0.6674302928401288,0.03946857961662397,0.18735858851374684,0.014942279878143557,0.812641411486253,0.014942279878143559,0.3325697071598711,0.03946857961662396,-0.48222581608092224,0.038250924907570566,0.34584477839690064,0.030747174756647035,-0.26031907441303415,0.03921950054512233,0.6861668536967697,0.046476627453024964,-0.47371963008414053,0.06259782077028508,0.20371092342913402,0.03727948367143458,0.47371963008414053,0.06259782077028514,2.2113834599670588,0.343438538867972,0.26031907441303415,0.03921950054512235,2.6105662841208384,0.44683240925115486,0.12386859576268947,0.026229512447341688,1.1879593426203723,0.044444807363130896,-0.36701935224858734,0.043426158632017854,0.44493888856295183,0.03541302283067698
0.5,3490,SVC,0.7,0.7,compas_t0.5_k3490,Baseline,0.7353324282914352,0.004336818113622107,0.7005453140171287,0.004033728186419775,0.6875480543161746,0.004539881831248511,0.6683597503543439,0.01005845336931582,0.5664943890353726,0.009530009426430319,0.6131219276730723,0.005662863884381901,0.5664943890353726,0.009530009426430319,0.16540376100111526,0.008749899225014906,0.8345962389988847,0.008749899225014918,0.4335056109646274,0.009530009426430312,-0.5317191903237873,0.024514433466934174,0.26562401002574876,0.021575082836463685,-0.40790364495062487,0.023836288567868603,0.5035207934229625,0.023418767347091314,-0.4764109060108206,0.03936724026876394,0.17071134767415347,0.03146777211542583,0.4764109060108206,0.03936724026876397,2.1278956545246865,0.15712283471459057,0.40790364495062487,0.02383628856786861,3.3007857439402826,0.29583306782569535,0.09015270792634775,0.018244430968238485,1.1359421625935313,0.029472101937601664,-0.4421572754807227,0.02819531866517051,0.33711607054855797,0.024182780833200666
0.5,7615,LogReg,0.8,0.8,compas_t0.5_k7615,Baseline,0.7711241171728153,0.0007891502266171743,0.6417626922389742,0.0008390433529751636,0.5784631875085413,0.002305406110876908,0.6229762824500187,0.004950140904832584,0.3638675532118155,0.003791643471953214,0.4593717226805568,0.0019326232930552602,0.3638675532118155,0.003791643471953214,0.0803421687338673,0.0024043137905276537,0.9196578312661329,0.002404313790527687,0.6361324467881845,0.0037916434719531987,-0.9433675547612121,0.016844796114184993,0.0,0.0,-0.9691003999728831,0.010883649357171454,0.0,0.0,-0.9037070669301853,0.026395542364066753,0.0,0.0,0.9037070669301853,0.026395542364066753,11.194541910331385,3.0580133009531334,0.9691003999728831,0.010883649357171454,38.45214285714286,18.588455052114735,0.1744918741427325,0.004804113992978789,1.2790354351044129,0.009795616039649775,-0.9364037334515343,0.0185316568474362,0.0,0.0
0.5,7615,XGBoost,0.8,0.8,compas_t0.5_k7615,Baseline,0.8347829874041839,0.006377571455313324,0.8080768999410599,0.011910653805748546,0.8059154687446398,0.012809589566527904,0.6704352397855965,0.008299521008915295,0.7507015297998905,0.024797697728488062,0.7081695847825934,0.014294075160825093,0.7507015297998905,0.024797697728488062,0.1345477299177706,0.004190277939765272,0.8654522700822295,0.004190277939765272,0.24929847020010953,0.02479769772848806,-0.5130796539315596,0.033008799774681845,0.29518518378824093,0.016495699485766048,-0.11299934467719701,0.03974209564659754,0.8635831685979604,0.04455713252563512,-0.4919545921260573,0.03183463724333533,0.15635698511144977,0.012806392893657294,0.4919545921260574,0.03183463724333536,2.1912994640549375,0.17006943384107362,0.11299934467719701,0.03974209564659756,1.7092468479790242,0.41236246793860193,0.2068246402677593,0.01058991363297761,1.3126731948746202,0.020725140115395623,-0.30247696840162713,0.03474375422334317,0.5099700768547051,0.026889325066443252
0.5,7615,KNN,0.8,0.8,compas_t0.5_k7615,Baseline,0.8117199423710426,0.006584225948816123,0.7690114053984374,0.010124790813550657,0.7634323404220645,0.01132133105159316,0.6395163979995602,0.01139176759009886,0.6772647661991924,0.01964133992355665,0.6577561347274589,0.013676589156779035,0.6772647661991924,0.01964133992355665,0.1392419554023177,0.00567742027200661,0.8607580445976822,0.005677420272006593,0.32273523380080754,0.01964133992355663,-0.4499405157607078,0.017095447847599195,0.3168871546423583,0.011380351908977985,-0.09924479696291774,0.02154678349293448,0.8657735544456576,0.02924156209252262,-0.4334364045346365,0.02627683050088161,0.18915086400408582,0.01852483152324803,0.4334364045346364,0.026276830500881622,1.9349431447459,0.09775312018801983,0.09924479696291778,0.02154678349293447,1.3828195828758418,0.08668097276500968,0.21581291278469053,0.012736679744484504,1.341863660124502,0.023059858600975588,-0.2663406007487771,0.014390732658663337,0.5274622092248717,0.014578690592437127
0.5,7615,MLP,0.8,0.8,compas_t0.5_k7615,Baseline,0.8285785274141222,0.006327060610453328,0.7878924664456617,0.006627173649032137,0.7827908900895238,0.008158091969883985,0.6730969772862206,0.020059830798669607,0.7004862623715082,0.02378350888064019,0.6859128891715474,0.007792228690362404,0.7004862623715082,0.02378350888064019,0.1247013294801848,0.014938093134587625,0.8752986705198152,0.014938093134587625,0.29951373762849176,0.023783508880640174,-0.5827482321447989,0.030730737163160896,0.2381998353521161,0.01895661706719436,-0.2514970736447246,0.03364062153524795,0.7070939407208033,0.0353303603934344,-0.5459632703294901,0.04777868345312392,0.12254207157375893,0.01993820684816607,0.5459632703294901,0.04777868345312394,2.487750983783242,0.3133674191432019,0.2514970736447246,0.033640621535247946,2.837820365498384,0.4396584808512384,0.19158088722127126,0.01463692750381279,1.2870041378753285,0.026718008321452144,-0.39873017198710736,0.038588941651374796,0.41481800614728115,0.025375104321501682
0.5,7615,SVC,0.8,0.8,compas_t0.5_k7615,Baseline,0.8092923623437749,0.004893435866758784,0.732332028791878,0.010389410959501749,0.7132399608155874,0.01361449125358332,0.6689770292353948,0.009127427776107406,0.5670007133121888,0.023719582590219473,0.6135321501537788,0.015140194720430279,0.5670007133121888,0.023719582590219473,0.1023366557284326,0.005240393289208903,0.8976633442715674,0.0052403932892089,0.4329992866878113,0.023719582590219477,-0.6045765439422699,0.0360885315538686,0.17329816363652434,0.00915202803774068,-0.41356021060719045,0.028351592920394738,0.4992342024398365,0.017214581165643613,-0.5306879165027768,0.04850889697330855,0.09488397355917064,0.011693108970303753,0.5306879165027768,0.04850889697330855,2.3138760116824635,0.2836147224328335,0.41356021060719045,0.028351592920394762,3.5292164702581372,0.7466005249387154,0.17482557231989876,0.01787940973673217,1.2644558312205163,0.03409196446885313,-0.47212406355498365,0.033314208933254395,0.29705908799950353,0.012010205515693775
0.75,1428,LogReg,0.6,0.6000323206205559,compas_t0.75_k1428,Baseline,0.6554048716877664,0.012216163426258418,0.6459390095600318,0.012087128649856657,0.6356671745670344,0.012224018368545008,0.6527642992503875,0.01774308161832594,0.5316707427363164,0.014688953389072959,0.5859187942511854,0.014083572097282336,0.5316707427363164,0.014688953389072959,0.239792723616253,0.016858143643418432,0.760207276383747,0.01685814364341846,0.46832925726368346,0.014688953389072966,-0.4354127234348826,0.01945503021119299,0.3648902588131382,0.02157338692563264,-0.3937111608252548,0.04061795305934323,0.49465202041943074,0.035339496862316515,-0.3827211854604906,0.011626181855435085,0.2952794100225857,0.016213257082820013,0.3827211854604906,0.011626181855435106,1.8420140064653894,0.06954085276308,0.3937111608252548,0.0406179530593432,2.8247423143533212,0.424510097047959,0.005912844980078958,0.024748266854139545,1.010513607452592,0.03817281513933317,-0.3882161731428727,0.01529220178063173,0.39496571522100826,0.021173591642612247
0.75,1428,XGBoost,0.6,0.6000323206205559,compas_t0.75_k1428,Baseline,0.7190477529293319,0.006549056707001193,0.7216251716782093,0.0075593330552374246,0.7205628104884914,0.00724528291677645,0.6734578108302383,0.00786480509196775,0.7527169551759716,0.029083244737613027,0.7105152866023519,0.011593424494845607,0.7527169551759716,0.029083244737613027,0.309466611819553,0.02021390042331583,0.690533388180447,0.020213900423315837,0.2472830448240284,0.02908324473761301,-0.2866947956604272,0.019962557571210605,0.6003197899437227,0.03232418535783578,-0.10539624432241883,0.037960631641148906,0.8714713548339807,0.046675961278130326,-0.3196967678293374,0.03133859693243808,0.4327830413826882,0.048660716985864404,0.3196967678293374,0.03133859693243805,1.7346653774943106,0.09196254818043895,0.10539624432241883,0.03796063164114896,1.5994960564577105,0.22917696828505668,0.07088912368189941,0.02781341658006755,1.1072976924843292,0.044238457478057144,-0.21254650607587808,0.02251747851919969,0.6521271981083345,0.03589962207083298
0.75,1428,KNN,0.6,0.6000323206205559,compas_t0.75_k1428,Baseline,0.677506198723304,0.004053704857882191,0.6775076707285,0.004573196921610926,0.6772933598392712,0.004662690421384754,0.6403384003339062,0.005691508594604563,0.6775188836664248,0.01971441956403069,0.6582074194924262,0.008190935405975435,0.6775188836664248,0.01971441956403069,0.32250354220942457,0.015238562707013542,0.6774964577905754,0.015238562707013556,0.32248111633357535,0.019714419564030704,-0.23449552889264175,0.03858776900553205,0.6425001333387126,0.047668363802958934,-0.0858753078887307,0.06901377571152806,0.8871425574473715,0.08940318291749799,-0.26545422122661355,0.02093089083264467,0.5022960782686756,0.03350232147034547,0.2654542212266136,0.020930890832644673,1.5699294756388187,0.05681959551080062,0.08587530788873071,0.06901377571152807,1.37183274041722,0.3307846460552717,0.07035488305212978,0.0368879394447996,1.1146065009746073,0.06170776000797278,-0.17566476455767216,0.03826822722989625,0.6947193178580237,0.050933731844138685
0.75,1428,MLP,0.6,0.6000323206205559,compas_t0.75_k1428,Baseline,0.7031956226035174,0.007061209311595544,0.7012709057791026,0.008253149217369323,0.7002715436546002,0.009334387412202655,0.6763236722093151,0.01072039278272161,0.6780274370438305,0.03463468131374579,0.6765073456629956,0.014998741301867314,0.6780274370438305,0.03463468131374579,0.2754856254856255,0.024888036555478974,0.7245143745143745,0.024888036555478985,0.3219725629561695,0.034634681313745766,-0.40177798602695536,0.017496192517297598,0.4620317241954354,0.031102247838958277,-0.2605048245316701,0.03905829463309057,0.6898608432155928,0.0480435860054445,-0.41471611808001435,0.03719698702761759,0.3142244784130101,0.043518633412284645,0.4147161180800144,0.03719698702761755,2.0648276157300636,0.18865449394473122,0.26050482453167023,0.039058294633090594,2.6798298565590635,0.38268358168265765,0.05273199316095793,0.029572899382567793,1.0803222853974046,0.04592463867178554,-0.3376104713058422,0.0182601608396538,0.5020426608143015,0.03396693217914369
0.75,1428,SVC,0.6,0.6000323206205559,compas_t0.75_k1428,Baseline,0.6760031756742282,0.008887681020440427,0.6661971562670695,0.009449468992654553,0.6555182271133959,0.010951905045531007,0.6828103815381892,0.009697805471268172,0.5478228056096909,0.017028680108611784,0.6078446370070274,0.013868294195078951,0.5478228056096909,0.017028680108611784,0.2154284930755519,0.005598352994175032,0.7845715069244481,0.005598352994175042,0.4521771943903091,0.017028680108611804,-0.6176296739933933,0.020061395042440266,0.23772448643729804,0.0159248345467394,-0.5583178541567804,0.03555861384872504,0.3774791323685721,0.03353892437478427,-0.5816896345075016,0.021950339922696436,0.14109799954625574,0.016399005793243132,0.5816896345075016,0.021950339922696436,2.8069109449597085,0.14548785311556311,0.5583178541567804,0.03555861384872499,6.593029488994892,1.2854393469390708,0.007350767234657307,0.019365950065153657,1.011257171365793,0.028971732730368176,-0.5700037443321408,0.021007037261450756,0.25928856595741395,0.01752572199386358
0.75,3490,LogReg,0.7,0.7,compas_t0.75_k3490,Baseline,0.720384962918018,0.004819532731555848,0.6600741726791448,0.007334792427294463,0.6176323438926037,0.012009005766705666,0.7005238042625951,0.008710395304148256,0.4277010330289019,0.01865998465269994,0.5308668547915676,0.014669710560890973,0.4277010330289019,0.01865998465269994,0.10755268767061214,0.0063576429049616075,0.8924473123293879,0.006357642904961608,0.5722989669710982,0.018659984652699916,-0.5552534363124995,0.034673237609308016,0.1513579402413043,0.009852506780184666,-0.4934490317040653,0.027419367942336174,0.32953581042813374,0.024392500079843428,-0.490835302901966,0.061989733012372684,0.07217669877342987,0.015512513973455147,0.490835302901966,0.061989733012372705,2.0695825897837574,0.23756897919218445,0.4934490317040653,0.027419367942336167,2.8986662612178526,0.3019427429145229,0.114645385649168,0.024068169794963234,1.1826823168929874,0.042688565701212634,-0.4921421673030156,0.035084725709067746,0.2008562546007818,0.011947351683306405
0.75,3490,XGBoost,0.7,0.7,compas_t0.75_k3490,Baseline,0.7698989903399147,0.005092377499112727,0.7655812222158488,0.007880590910363553,0.7652522304945811,0.008219847059299675,0.6691478486535336,0.005922464153517753,0.7489316239316239,0.02190582737911166,0.7066169921512446,0.00990059400432708,0.7489316239316239,0.02190582737911166,0.2177691794999263,0.009287767599203514,0.7822308205000736,0.009287767599203526,0.25106837606837606,0.021905827379111665,-0.4044645499006861,0.03081577579447076,0.4435291967489651,0.033267988799670974,-0.10718098208031093,0.028887439820914285,0.868520682280004,0.036014527407803136,-0.4322173793302473,0.05792512742322457,0.26837982559755996,0.04939763244660267,0.4322173793302472,0.057925127423224566,2.0746957835229827,0.24954808747562648,0.10718098208031095,0.028887439820914285,1.5814469951534278,0.14703084584309142,0.14663082548331313,0.02701881066155278,1.224562609969195,0.04655658305675731,-0.2696991807052791,0.036828864623559616,0.568450253938782,0.03633517590383074
0.75,3490,KNN,0.7,0.7,compas_t0.75_k3490,Baseline,0.7432732542658466,0.012227248640586413,0.7305549083464905,0.014596318031783677,0.7288243861896226,0.0152519632678147,0.6449324457993889,0.01386937694250145,0.6815529188480008,0.02429692931042565,0.6626857337880956,0.01843757594129673,0.6815529188480008,0.02429692931042565,0.22044310215501978,0.00672390650559761,0.7795568978449803,0.006723906505597604,0.31844708115199916,0.02429692931042565,-0.3347149570437321,0.02788806387392734,0.4851912901714776,0.026604176766497734,-0.08161751745644363,0.036194091370678846,0.8885109867724325,0.049724815742882844,-0.35059974549959055,0.06655031620237818,0.33331392604340043,0.0576377580413089,0.35059974549959066,0.0665503162023782,1.7579529884011051,0.21278400538859865,0.08161751745644363,0.03619409137067888,1.304865671181841,0.1333179062858748,0.14327612296538686,0.032733563222073075,1.2284443173113935,0.05795623578988134,-0.2161086314780171,0.03500018874502889,0.6109124564079165,0.03324027128227621
0.75,3490,MLP,0.7,0.7,compas_t0.75_k3490,Baseline,0.7632658771558404,0.0066147985884716055,0.748199152692431,0.01173579461217627,0.7455137182378662,0.013607011577281369,0.6770825234191654,0.008443643294831838,0.6901349561185628,0.03529888315232698,0.6829879150429429,0.01627203934447704,0.6901349561185628,0.03529888315232698,0.19373665073370097,0.01463683677899475,0.8062633492662992,0.014636836778994753,0.3098650438814373,0.035298883152327,-0.49252432719060585,0.026687368238659172,0.34942635503941866,0.028586278050840585,-0.2562108783585294,0.027370110940442432,0.6982019261661749,0.03402958541714103,-0.49044630991749194,0.04237686039887767,0.20231429778119675,0.03694834897320526,0.49044630991749194,0.042376860398877655,2.2860260761739744,0.20487587066941831,0.2562108783585294,0.027370110940442432,2.7710538254244517,0.35892414282785146,0.12427929320219108,0.02223133898855045,1.187115253853857,0.03664047554132556,-0.37332859413801067,0.028722950151916546,0.45025811197368587,0.03153526002640668
0.75,3490,SVC,0.7,0.7,compas_t0.75_k3490,Baseline,0.7383226459816576,0.009605343034342736,0.6974552829225252,0.011098028213966113,0.679387375785246,0.012728071978422713,0.6862275694800355,0.015042844901178593,0.5399916567949354,0.01716942803776249,0.6043583263432792,0.01623766109851384,0.5399916567949354,0.01716942803776249,0.14508109094988483,0.006132823418850609,0.8549189090501151,0.006132823418850596,0.46000834320506445,0.0171694280377625,-0.6673139945109686,0.023904824639541106,0.1718995994289496,0.011781343747716543,-0.5719024698890471,0.027738468828220005,0.36259142705788544,0.028059101233529157,-0.6064675061064143,0.03902168623159488,0.0882829385053657,0.01913157990871153,0.6064675061064143,0.03902168623159488,2.833744351666375,0.2740636009315511,0.5719024698890471,0.027738468828220005,6.679084501031762,0.8677022993505092,0.08081373693710033,0.01782710398730062,1.1198514811589466,0.02756356745692968,-0.5891849879977306,0.026332998225999237,0.22543718278162558,0.01402639597699178
0.75,7615,LogReg,0.8,0.8,compas_t0.75_k7615,Baseline,0.7850833789126686,0.004326514250231527,0.6493664664055743,0.0068397864852126075,0.5801449860862079,0.010693455052520189,0.6882610769419801,0.013444254164693185,0.35781650043945123,0.012894809526605126,0.4707767345486268,0.013614795702342631,0.35781650043945123,0.012894809526605126,0.05908356762830269,0.0025680643491101424,0.9409164323716972,0.002568064349110138,0.6421834995605488,0.01289480952660515,-0.5850447565559582,0.019994788188045242,0.06723817184152467,0.00633097380347726,-0.5376430976430977,0.041921466897958407,0.2257807871301357,0.02775145039457005,-0.5112234194948793,0.025191944836800456,0.026052063406058694,0.0037047291085802975,0.5112234194948794,0.025191944836800442,2.081829600986829,0.11243042268644188,0.5376430976430977,0.04192146689795837,2.7938708623629767,0.34723808997399497,0.21269481548096617,0.027858844742146945,1.3527554740492085,0.06139528684807708,-0.5244332585689885,0.021033188738566234,0.1259164252680972,0.013915205859023814
0.75,7615,XGBoost,0.8,0.8,compas_t0.75_k7615,Baseline,0.8341083146941333,0.006457213952045508,0.8088157175413595,0.012204129146733573,0.8068750314324997,0.013059033207659696,0.6677275097484064,0.0073350308708632775,0.7544801737424688,0.024822538599517698,0.7083568996410757,0.014672312667886553,0.7544801737424688,0.024822538599517698,0.13684873865974953,0.0022186706402945026,0.8631512613402504,0.002218670640294467,0.2455198262575312,0.02482253859951769,-0.5088619063992936,0.03825248762216656,0.3004711531616431,0.02104894512877479,-0.10691614127855738,0.04267775192841209,0.8711270365426369,0.046995818873545515,-0.48714943894368073,0.041028320752384155,0.16213992368733326,0.017175641245770076,0.48714943894368073,0.04102832075238416,2.1804563322783044,0.2116035404712533,0.10691614127855738,0.0426777519284121,1.6810521853264029,0.45295519265821055,0.20504776095465652,0.00897138255926196,1.309670027597847,0.019674346122776597,-0.29703279011111905,0.04168534765410256,0.516633480114985,0.03181369495954641
0.75,7615,KNN,0.8,0.8,compas_t0.75_k7615,Baseline,0.8127317240132406,0.003973807490008392,0.7734706242032899,0.008481008520546432,0.768734381227796,0.009991717603572032,0.6387640653718625,0.00705793568371968,0.6891277210949343,0.02075727498738058,0.6628139460605587,0.01046456766169361,0.6891277210949343,0.02075727498738058,0.14218647268835433,0.0061839593998747056,0.8578135273116457,0.006183959399874688,0.3108722789050658,0.020757274987380555,-0.43819544965428003,0.020701879701741834,0.3302071210895845,0.013071434884806497,-0.06306555487763546,0.03606576551756319,0.9142811796348891,0.04733927223492854,-0.435874454172622,0.026569900790446452,0.1922093856058309,0.014012552552610573,0.435874454172622,0.026569900790446417,1.952184100208801,0.10758383451556645,0.0630655548776354,0.03606576551756318,1.24260906594067,0.15785466776369828,0.2272809629190194,0.01660801413268053,1.3653589028915758,0.03342116386578938,-0.2494700045251287,0.021104147014821266,0.55324528262036,0.02378835878170166
0.75,7615,MLP,0.8,0.8,compas_t0.75_k7615,Baseline,0.8283766213829814,0.005329107346199967,0.784467764920816,0.007115966808393133,0.7786882427045854,0.008143966653617392,0.6752913598910909,0.013252727371829495,0.6901384589909181,0.01657857655952753,0.6824366543690578,0.009499993761504217,0.6901384589909181,0.01657857655952753,0.12120292914928595,0.00822217614750347,0.878797070850714,0.008222176147503507,0.30986154100908203,0.016578576559527512,-0.573488312611967,0.031937040575238586,0.23763660380687215,0.01730538757293872,-0.24437936411090777,0.04846205632841417,0.7115916952017372,0.04891148818388578,-0.5383968092872532,0.033034352087215654,0.11997876320965913,0.010710121203181398,0.5383968092872532,0.03303435208721564,2.4086199766950256,0.2429455194367799,0.24437936411090772,0.04846205632841419,2.665227368669229,0.5635255389252104,0.197196143655265,0.017131399500417314,1.2980006461691809,0.034409342544955805,-0.3913880866990805,0.034260048442406384,0.4157852292056982,0.029141447314070198
0.75,7615,SVC,0.8,0.8,compas_t0.75_k7615,Baseline,0.8109111356475127,0.00537631915214397,0.7232543215368313,0.009188776741182002,0.6982029367046285,0.011975180400405851,0.6880517459156212,0.011267269777988306,0.5349491128179653,0.01836873775971339,0.6017952602831771,0.014586185434056091,0.5349491128179653,0.01836873775971339,0.08844046974430272,0.003841404694306899,0.9115595302556972,0.003841404694306913,0.4650508871820347,0.018368737759713403,-0.7076208764564889,0.023516640740357312,0.1136824831035449,0.008484443967599868,-0.5660239983729916,0.029637550378672006,0.362948483616242,0.030735168991484495,-0.6266392141056957,0.04121177302613117,0.049952628117562126,0.007263485683277769,0.6266392141056957,0.04121177302613117,2.8780885733498436,0.3309117873447518,0.5660239983729917,0.029637550378672037,6.177816475463534,0.8737276222269513,0.16552776948587253,0.01438632829089246,1.2464588018513358,0.024963894201086776,-0.5963316062393436,0.028684515923320893,0.20645055586690209,0.015936625881361882
1.0,1428,LogReg,0.6,0.6000323206205559,compas_t1.0_k1428,Baseline,0.6896575707430971,0.012460116294938145,0.6800040948015875,0.013109395428483977,0.6698439562775749,0.014758256709548324,0.7008978584548556,0.013370706403882254,0.5634694995350733,0.0216880370723327,0.624631802982375,0.018289211225566752,0.5634694995350733,0.0216880370723327,0.20346130993189818,0.007078442098761773,0.7965386900681019,0.00707844209876179,0.4365305004649267,0.021688037072332703,-0.4391121181989929,0.012183654457070129,0.3570888822375962,0.008019139721772225,-0.3352961381149301,0.013223276679962268,0.5659576280898595,0.017173517929443893,-0.42975785452276305,0.010050148241698326,0.21067403860666048,0.010944955026069307,0.42975785452276305,0.010050148241698349,1.9445920312238392,0.04556406347324597,0.3352961381149301,0.013223276679962277,2.4931052974066445,0.17325381811751184,0.05827547453912825,0.004832349867140499,1.0900827064089413,0.008868479946921129,-0.38252699631884657,0.011295874422490837,0.38831583334826003,0.008655424985493298
1.0,1428,XGBoost,0.6,0.6000323206205559,compas_t1.0_k1428,Baseline,0.7192793013516698,0.007828056581049108,0.7219171876018549,0.008873987461896812,0.7208073853393723,0.008705273183386965,0.673433593818807,0.008529483627108089,0.7537267377431311,0.030534931107922082,0.7109289122953295,0.01313420430235253,0.7537267377431311,0.030534931107922082,0.3098923625394214,0.020239270335986125,0.6901076374605786,0.02023927033598615,0.2462732622568688,0.03053493110792211,-0.289710699132257,0.009004619009521665,0.5976992690219569,0.017608172626589046,-0.10055001920773735,0.037446481956540094,0.8773339123128248,0.045013264626589715,-0.33217622854703127,0.03301552229650631,0.4214677489558376,0.0349600421375363,0.33217622854703127,0.03301552229650628,1.7895747857958546,0.1385748704208404,0.10055001920773735,0.03744648195654013,1.5855248120930427,0.2865896733828247,0.07861517181046121,0.0321574802834809,1.1203434633560547,0.05233907540248245,-0.2163631238773843,0.00615763758325103,0.6494008306343312,0.019366880577871965
1.0,1428,KNN,0.6,0.6000323206205559,compas_t1.0_k1428,Baseline,0.6829460804789752,0.00834291982003272,0.6829566659098963,0.008598037266072925,0.6828810159807666,0.008673963044570918,0.6459344798041925,0.008463076931458433,0.6830731654502147,0.015377439187248525,0.6639166347963579,0.010194633834499818,0.6830731654502147,0.015377439187248525,0.3171598336304219,0.010741879581815864,0.6828401663695781,0.010741879581815873,0.3169268345497854,0.015377439187248522,-0.22815089230752328,0.04016489207831567,0.6500064252061093,0.04866557349488587,-0.06838270851693673,0.0667398574234139,0.909877692981088,0.08761363361261945,-0.2669736741060124,0.034973189141424305,0.4970664778826312,0.044214198840809925,0.26697367410601236,0.03497318914142432,1.5721944138109074,0.105066796876328,0.0683827085169367,0.06673985742341387,1.287672278338945,0.29207461478124264,0.08022013442669326,0.03530333168724694,1.1300711065774287,0.05813612418551774,-0.16767819131147457,0.04254058887773929,0.7034720854318596,0.05272989810220351
1.0,1428,MLP,0.6,0.6000323206205559,compas_t1.0_k1428,Baseline,0.7082860730887047,0.00551602715521407,0.7068981971633852,0.006911106217317188,0.7061058849441344,0.00802342843192464,0.6795512257086845,0.010598327533542442,0.6901387774338594,0.03387304541594029,0.6841304438964342,0.013854445102600713,0.6901387774338594,0.03387304541594029,0.276342383107089,0.024336064679869596,0.7236576168929111,0.02433606467986962,0.3098612225661406,0.03387304541594025,-0.38425544360052444,0.015657446228944112,0.4810588858219334,0.021341339610621218,-0.226053826859196,0.02766617574233911,0.7278660130798572,0.03366056670916885,-0.41097706583716914,0.0313389021431529,0.31753018507036146,0.02989269710325643,0.41097706583716914,0.031338902143152915,2.0503268769479908,0.17223192989201758,0.226053826859196,0.027666175742339136,2.400769975644112,0.3708656469683296,0.06666702763774297,0.0220905889025245,1.1016250526414355,0.03470832483566437,-0.31851544634818263,0.014482068143709028,0.5226980990751093,0.02299396240983398
1.0,1428,SVC,0.6,0.6000323206205559,compas_t1.0_k1428,Baseline,0.7011146322001586,0.014896942583199308,0.6990983494165752,0.015697215992911438,0.698584924694918,0.016125807005629704,0.6736684554354153,0.01317266201527587,0.6747516145057129,0.02576533450091779,0.6741395782711692,0.01936276427261783,0.6747516145057129,0.02576533450091779,0.27655491567256274,0.007166441579629056,0.7234450843274373,0.007166441579629076,0.3252483854942871,0.025765334500917787,-0.4827270562631904,0.01615406857837205,0.400264709288494,0.015125047880116286,-0.34433145775427654,0.041615908470824074,0.6131738331124988,0.04466238512798848,-0.5007480887781984,0.01268057890468689,0.2569916204412279,0.010926389936464023,0.5007480887781984,0.012680578904686875,2.5392039162985625,0.09626416005108515,0.34433145775427654,0.04161590847082408,4.2409945229936366,0.8536158479717736,0.046398667226783694,0.021812276891062608,1.0697075154561093,0.032872864920452965,-0.42253977326623743,0.01979751156882351,0.43508272677686344,0.017577171453521598
1.0,3490,LogReg,0.7,0.7,compas_t1.0_k3490,Baseline,0.734305132984412,0.007479928826357077,0.6855290793556187,0.010640181176483292,0.6590485207090512,0.01450656006763126,0.6979566439681149,0.009106066038451896,0.49759798489306684,0.023928288616177792,0.58073338948975,0.017843756986623566,0.49759798489306684,0.023928288616177792,0.1265398261818294,0.005792211213752769,0.8734601738181708,0.005792211213752762,0.5024020151069332,0.02392828861617779,-0.5257145023534316,0.025347306243971596,0.2144617535975592,0.01333921223973688,-0.40412898560549576,0.02575000317421975,0.46096640069103323,0.03226777524775142,-0.48797894162885347,0.05493421183790408,0.10580448770755442,0.02260052235549661,0.48797894162885347,0.05493421183790408,2.0958569882348295,0.22478570303575074,0.40412898560549565,0.02575000317421978,2.632974389626796,0.20662557914157312,0.13005080187972246,0.02725529497828638,1.20661963516891,0.05020167622569833,-0.44605396361717453,0.027006043887275483,0.28338544419929385,0.015343511946301614
1.0,3490,XGBoost,0.7,0.7,compas_t1.0_k3490,Baseline,0.7692450029901303,0.005476645853851087,0.7652166823469609,0.0069391588729239735,0.7649315972139386,0.007075577476621482,0.6679485469112256,0.00844907144580102,0.7496863337027271,0.01900892746475878,0.7062924850915768,0.008513899466671616,0.7496863337027271,0.01900892746475878,0.21925296900880528,0.011009195268553502,0.7807470309911947,0.011009195268553486,0.25031366629727286,0.019008927464758792,-0.4039383989107585,0.03366188792430044,0.4450432253655472,0.03483268185291242,-0.1059598219329763,0.020793823344998196,0.870078926904376,0.025431996375087383,-0.4329260031850706,0.06793129536740718,0.27121017678629117,0.058634524871874566,0.43292600318507046,0.06793129536740715,2.0902737241641267,0.27556713441740877,0.1059598219329763,0.020793823344998227,1.578154729008366,0.12185930791344078,0.1468402601181187,0.03242517618189023,1.225826880894299,0.05543928731090945,-0.2694429125590234,0.039922665005893955,0.5706445518453337,0.03672768081097496
1.0,3490,KNN,0.7,0.7,compas_t1.0_k3490,Baseline,0.7498131714152265,0.013532100925450073,0.7381388536620442,0.0158127511166278,0.736674215538434,0.0164252476955914,0.6525182010165734,0.01580889642998292,0.6931592087329792,0.025608497200191087,0.6721609091315287,0.01980716230890106,0.6931592087329792,0.025608497200191087,0.21688150140889065,0.008865535276557777,0.7831184985911094,0.008865535276557809,0.3068407912670208,0.025608497200191066,-0.3315172524110551,0.027594336549996976,0.4897334312399574,0.027715017239061307,-0.06733012451133258,0.044897204433499927,0.9090027529162417,0.0605465439240443,-0.34870310004437455,0.060669627322230205,0.32934272672115716,0.05956442106707132,0.34870310004437455,0.060669627322230225,1.7392786714515218,0.18161919244078975,0.06733012451133255,0.04489720443349989,1.2599167003143406,0.17417901633788907,0.1470082310280157,0.03507717685037838,1.2330323754607442,0.06069231815448436,-0.20801661227785356,0.034240611682129364,0.6191727398186995,0.03574239981083081
1.0,3490,MLP,0.7,0.7,compas_t1.0_k3490,Baseline,0.7632663136712253,0.0075548087663466785,0.7493949179851047,0.006546462090766708,0.7474568732926492,0.006330576166165109,0.6750560327494555,0.01296178540837892,0.6959404893831124,0.006820627557038898,0.6852669194886498,0.0077375203202231435,0.6959404893831124,0.006820627557038898,0.19715065341290286,0.011486112431377923,0.8028493465870972,0.011486112431377937,0.30405951061688763,0.006820627557038869,-0.4806018840048517,0.027397858081810517,0.3615632127681805,0.024039239752735662,-0.23613675908977924,0.015162439232191864,0.720118408948192,0.0161457641725427,-0.48409284108338646,0.05326139950350681,0.21107047516419386,0.038380557995607044,0.48409284108338646,0.05326139950350681,2.275679945451374,0.25176075481375404,0.2361367590897792,0.01516243923219188,2.515578247117641,0.16127662522182223,0.12850847726611475,0.023118718308648614,1.1945315230219944,0.03878304770776756,-0.36011480008658286,0.030906827857022867,0.46559444205619294,0.024810555246635817
1.0,3490,SVC,0.7,0.7,compas_t1.0_k3490,Baseline,0.7577545648596384,0.013375237925764104,0.7397127168792867,0.01519467385768158,0.7363834731729032,0.015930073797907954,0.6736482498362638,0.016945442580530032,0.670196925114958,0.022463812176020125,0.6718947706353534,0.019502939303227572,0.670196925114958,0.022463812176020125,0.19077149135638444,0.008662123696019562,0.8092285086436156,0.008662123696019562,0.3298030748850421,0.02246381217602012,-0.556867649855721,0.01922275413510733,0.30190192297433194,0.012927986529626673,-0.34836508259327054,0.02688498259709537,0.6074129841352952,0.032297452647076924,-0.5458882783438096,0.03997831314753359,0.17198290819843315,0.026909165643272157,0.5458882783438096,0.03997831314753361,2.6184123668246837,0.23431253522380074,0.3483650825932706,0.02688498259709539,4.118132114798781,0.27121556915129885,0.11025587350289127,0.021789709304058227,1.1642785281328538,0.03380462437280509,-0.44712668046854,0.02082280198692669,0.3896979461668642,0.014452750173550894
1.0,7615,LogReg,0.8,0.8,compas_t1.0_k7615,Baseline,0.800120807032825,0.007654726602025031,0.6912037989545549,0.011232976431803378,0.6502706281805062,0.014771833731522493,0.6901410095083991,0.019473620720966082,0.457228336326697,0.019488114618103545,0.5499675624560887,0.019610898737074306,0.457228336326697,0.019488114618103545,0.07482073841758709,0.004592133399098776,0.9251792615824129,0.004592133399098799,0.542771663673303,0.01948811461810355,-0.5760128270526874,0.022463620413746235,0.12437260385762297,0.006529334975165902,-0.43005536347818224,0.039755315337461655,0.4082480313268734,0.037248707502210744,-0.5246465563708232,0.03854070774911555,0.051187993661635775,0.006322212501733412,0.5246465563708232,0.03854070774911556,2.1915697315012146,0.21165921377071212,0.43005536347818224,0.039755315337461655,2.600305317201756,0.2972826812382307,0.22048485856108785,0.026967399566075568,1.36037761038609,0.059390521651888115,-0.47735095992450277,0.024024127575385006,0.22971801249425453,0.01685536625074617
1.0,7615,XGBoost,0.8,0.8,compas_t1.0_k7615,Baseline,0.8337039113323683,0.00499976890130796,0.8075804821421675,0.011712703877200161,0.8054650970989341,0.012823797383294895,0.6678349215345123,0.005083301811794967,0.7514575133427592,0.026887525514457902,0.7069804938962302,0.013278922464170145,0.7514575133427592,0.026887525514457902,0.13629654905842423,0.004664855041236907,0.8637034509415757,0.004664855041236904,0.2485424866572407,0.02688752551445788,-0.5078832331797127,0.032398095940457027,0.2995556015030828,0.020363654505545288,-0.09994441054843739,0.041322766948680006,0.8781891052035006,0.047463460230916237,-0.4945952015211136,0.03647552825830181,0.15814960483198498,0.017389527898833166,0.49459520152111364,0.03647552825830182,2.2111649680971155,0.1783340521725769,0.09994441054843739,0.041322766948680034,1.5957508342396067,0.37422384756838495,0.21285879955882864,0.015296909911461824,1.325173005412333,0.03102978983326031,-0.2972698060347755,0.03606445299322559,0.5181693550177429,0.03076751331961062
1.0,7615,KNN,0.8,0.8,compas_t1.0_k7615,Baseline,0.8165754208176079,0.00415503663226301,0.779457905057362,0.009116854780315552,0.7752536927343479,0.010467682213942595,0.6444375010662861,0.005905790119321133,0.6997219993121633,0.021152116156410886,0.6707997421327109,0.011180590380286431,0.6997219993121633,0.021152116156410886,0.14080618919743898,0.004791387158926843,0.8591938108025611,0.004791387158926825,0.3002780006878367,0.021152116156410897,-0.4467468936843392,0.016586114379270708,0.3262926395416352,0.015280785763671248,-0.06544008315820396,0.03473116596677457,0.9120848039588886,0.04636923035184254,-0.44195474859702194,0.02552225763234388,0.18733627191850583,0.016794428910633846,0.441954748597022,0.025522257632343885,1.9728903127874413,0.10414279681432885,0.06544008315820396,0.034731165966774544,1.2575848965848966,0.1406014440346933,0.2250505688666876,0.017376226721308362,1.358585154668261,0.03491226788397541,-0.25369741587761296,0.01947936342668622,0.5497105379386972,0.025074403899713864
1.0,7615,MLP,0.8,0.8,compas_t1.0_k7615,Baseline,0.8303996843370453,0.002776695857310783,0.7886576765525384,0.008671777787582642,0.7833094647791607,0.010710346347462858,0.6774394210991863,0.011084282407442775,0.6989777981581261,0.02639430140797632,0.6875807757224793,0.009001278989569053,0.6989777981581261,0.02639430140797632,0.12166244505304924,0.010206953659214044,0.8783375549469508,0.010206953659214023,0.3010222018418739,0.0263943014079763,-0.5683042604439171,0.02627795043380965,0.24249089756655998,0.013867176400763358,-0.22593948432874605,0.017980881895700535,0.7308993757787329,0.02211448584945026,-0.5378864171872024,0.04085565852532214,0.12095271900908453,0.013923548187559977,0.5378864171872024,0.04085565852532214,2.416381955058948,0.2787025376734264,0.22593948432874605,0.017980881895700535,2.4575539813721634,0.29803118973332543,0.20157377759472608,0.00820925150621809,1.3046003134495752,0.01607457596264019,-0.3819129507579742,0.026408863518003787,0.4259260473939087,0.017911768871083106
1.0,7615,SVC,0.8,0.8,compas_t1.0_k7615,Baseline,0.8258143842696144,0.0060493342238303865,0.7763036861132262,0.011895274930531932,0.7688296331311222,0.01385288367445152,0.6754895354146443,0.008365260238225323,0.6699453551912568,0.02527700320521489,0.6725312703772495,0.015592079353380223,0.6699453551912568,0.02527700320521489,0.11733798296480473,0.003985733475557184,0.8826620170351953,0.003985733475557205,0.3300546448087432,0.025277003205214924,-0.6375503956813239,0.018942426559884193,0.20018122195879512,0.010949105007200094,-0.34770298058888666,0.030806908822881503,0.6078359974082812,0.036634362352449476,-0.5937740796674614,0.03876216584833288,0.09840888869456363,0.007672190477278765,0.5937740796674614,0.03876216584833287,2.774929119543008,0.3332715112480462,0.3477029805888866,0.030806908822881455,4.1014056361798295,0.3453810822597707,0.1838744954008265,0.014483510737523018,1.2740156809244065,0.026792614160214674,-0.470738530128174,0.027004535245773724,0.35312244305142243,0.019986701398639017
