t,k,classifier,women_rejection_rate_target,women_rejection_rate_actual,dataset,method,accuracy,accuracy_std,balanced_accuracy,balanced_accuracy_std,geometric_mean,geometric_mean_std,precision,precision_std,recall,recall_std,f1_score,f1_score_std,true_positive_rate,true_positive_rate_std,false_positive_rate,false_positive_rate_std,true_negative_rate,true_negative_rate_std,false_negative_rate,false_negative_rate_std,spd,spd_std,disparate_impact,disparate_impact_std,eod,eod_std,equal_opportunity_ratio,equal_opportunity_ratio_std,false_positive_rate_difference,false_positive_rate_difference_std,predictive_equality,predictive_equality_std,true_negative_rate_difference,true_negative_rate_difference_std,true_negative_rate_parity,true_negative_rate_parity_std,false_negative_rate_difference,false_negative_rate_difference_std,false_negative_rate_parity,false_negative_rate_parity_std,accuracy_difference,accuracy_difference_std,accuracy_parity,accuracy_parity_std,aod,aod_std,average_odds_ratio,average_odds_ratio_std
,0,LogReg,0.35161290322580646,0.35161290322580646,german_baseline,Baseline,0.752,0.03155946767611903,0.6657142857142857,0.043749959507593854,0.6269081821986716,0.05823137467997037,0.7897488871764653,0.026515190272803853,0.8814285714285715,0.030169588688489832,0.8326660898673148,0.021055444662602552,0.8814285714285715,0.030169588688489832,0.55,0.08498365855987974,0.45000000000000007,0.08498365855987977,0.11857142857142858,0.03016958868848982,-0.11876778040562655,0.03609266054277857,0.8541580645817513,0.04590351928577873,-0.057025868440502614,0.07889453147406789,0.9363935965925105,0.0874924740183218,-0.17129011339537653,0.09417068747371468,0.7186493506493508,0.14288695320611167,0.1712901133953766,0.09417068747371471,1.4939619111047684,0.38574136967538064,0.05702586844050259,0.07889453147406791,1.5995081476788795,0.8963424553156086,-0.015193061654033979,0.07577611159191874,0.9808356986080848,0.1015086196254621,-0.11415799091793959,0.030636369191799413,0.8275214736209306,0.05463009025420762
,0,XGBoost,0.35161290322580646,0.35161290322580646,german_baseline,Baseline,0.756,0.02034698994937582,0.6866666666666668,0.013581867330430106,0.6641958406232087,0.010285429535700275,0.8047152441253896,0.004950866525481336,0.86,0.031493439550069405,0.831225433794262,0.01641897365863695,0.86,0.031493439550069405,0.4866666666666667,0.012472191289246468,0.5133333333333333,0.012472191289246475,0.13999999999999999,0.03149343955006943,-0.10703855929240065,0.0231330336052063,0.8625778901102826,0.030807090002128366,-0.09651786154225181,0.07556171547477479,0.8905303629050817,0.08463841294900491,-0.04395954922270713,0.08907293298588498,0.9248983339892431,0.15650406807370487,0.04395954922270713,0.08907293298588498,1.1050123685837971,0.20873891628269756,0.09651786154225181,0.07556171547477483,1.8159266208046696,0.7139254129367191,-0.07649402177278124,0.07459056960768772,0.902321443307922,0.09540334225670265,-0.07023870538247948,0.015930965672199638,0.9077143484471624,0.04106993370405539
,0,KNN,0.35161290322580646,0.35161290322580646,german_baseline,Baseline,0.728,0.021587033144922923,0.6228571428571428,0.03197398318800819,0.5624801956968073,0.049730999447269324,0.7639052046779786,0.017699630947647513,0.8857142857142858,0.015649215928719016,0.8201680454173292,0.013137109167307849,0.8857142857142858,0.015649215928719016,0.64,0.06200358412579423,0.36,0.06200358412579426,0.11428571428571428,0.015649215928719026,-0.11556438952475374,0.04321141777766541,0.8646154732023881,0.048592347728382564,-0.048964523281596485,0.07093522029182099,0.9467594858823443,0.07715968425191888,-0.1989957411010043,0.11899174562189123,0.724968734968735,0.14555696091070652,0.19899574110100424,0.11899174562189123,1.7891803002192614,0.6346195267400367,0.04896452328159645,0.07093522029182102,1.6289564094442142,0.9270116400737332,-0.007908933346022407,0.0752289704160932,0.9904806779631088,0.10467067476830154,-0.12398013219130037,0.05115993042731888,0.8358641104255395,0.06307629368999292
,0,MLP,0.35161290322580646,0.35161290322580646,german_baseline,Baseline,0.73,0.03768288736283354,0.6623809523809524,0.03706646601032169,0.6384848901383195,0.041448732743118284,0.7931390366322476,0.02228925097082957,0.8314285714285715,0.052799196035932354,0.8110436978996383,0.030543681190330994,0.8314285714285715,0.052799196035932354,0.5066666666666667,0.06548960901462833,0.49333333333333335,0.06548960901462833,0.16857142857142854,0.05279919603593236,-0.08258437705708584,0.09484182634723691,0.8955908574645657,0.12772738045291981,-0.02910815471791082,0.10557017251748682,0.9668313265411136,0.12596167952242543,-0.11952258268047744,0.14958264057927448,0.8159189295552931,0.2502972322997977,0.11952258268047744,0.14958264057927448,1.3231219760631525,0.3878947975661987,0.02910815471791082,0.10557017251748681,1.2814338507021434,0.8213757890006432,-0.006589547345974634,0.0716946447403497,0.99197861266915,0.09388201075327086,-0.07431536869919413,0.10604598676872394,0.8913751280482032,0.16385494386353894
,0,SVC,0.35161290322580646,0.35161290322580646,german_baseline,Baseline,0.742,0.012489995996796807,0.6166666666666667,0.018595832561682485,0.5297260599241609,0.03463849371361503,0.7571341234278567,0.00997559697516501,0.9299999999999999,0.015907898179514362,0.834601047697715,0.008068255904479574,0.9299999999999999,0.015907898179514362,0.6966666666666665,0.0413655788199695,0.30333333333333334,0.041365578819969516,0.06999999999999999,0.015907898179514348,-0.06827344802935464,0.023760805878286672,0.9228632376848955,0.025352072756332347,-0.0273909830007391,0.055433448375861435,0.9711235926535954,0.05831518402305035,-0.09973009446693659,0.07972929456439395,0.8709203985669502,0.09143365731397923,0.09973009446693658,0.07972929456439401,1.4949106449106448,0.5565192656357159,0.027390983000739094,0.05543344837586142,1.5987369337979094,1.2217513011951742,-0.032949588405922145,0.0555838547639966,0.9574478694204019,0.07460341079752736,-0.06356053873383785,0.027131199705092694,0.9210219956102728,0.0307441972973232
0.0,92,LogReg,0.5,0.5,german_t0.0_k92,Baseline,0.7627665368019773,0.02780576365377852,0.7307646094925186,0.026994295231201053,0.7218866879613001,0.026814154581104966,0.7973068014523561,0.015282314166014452,0.8442620979204479,0.030553554025996837,0.8200474011388049,0.022301726877713306,0.8442620979204479,0.030553554025996837,0.3827328789354105,0.02393614772345166,0.6172671210645895,0.02393614772345165,0.15573790207955215,0.030553554025996823,-0.3495259548206141,0.03549935284247453,0.5676869819796644,0.03537289411851656,-0.16527395910322742,0.04396483558139644,0.8141295799413204,0.05057444253240964,-0.3971014778973701,0.11994546212050577,0.33610084835630966,0.14640685174641835,0.39710147789737005,0.11994546212050573,2.0262307171148635,0.42875922620313084,0.16527395910322742,0.04396483558139648,2.572842401500938,0.4330877556353584,0.00934174519406301,0.06454043511444073,1.013786020424446,0.0844708540835338,-0.2811877185002988,0.048430723057079045,0.5751152141488151,0.05688569116419504
0.0,92,XGBoost,0.5,0.5,german_t0.0_k92,Baseline,0.7774831385362992,0.011588561344021942,0.7438336254931264,0.015701392832170827,0.7336111929349479,0.019154152622688582,0.8047450395030561,0.014734895586287081,0.8627727362183201,0.020944330890552067,0.8324698526728291,0.00911065054338145,0.8627727362183201,0.020944330890552067,0.37510548523206755,0.04155529731651313,0.6248945147679325,0.041555297316513175,0.13722726378167982,0.020944330890552084,-0.27325491466906165,0.07504141085658292,0.656341551367657,0.0828996516842886,-0.0864572554816457,0.08991996203557838,0.9061309198470736,0.09679898238011753,-0.29894983706922085,0.101978813096358,0.44628048780487806,0.16011763224907297,0.29894983706922085,0.101978813096358,1.6700793606799702,0.2821886161184101,0.08645725548164573,0.0899199620355784,2.2648218287471336,1.5241884968645105,0.013580930664333435,0.0546720867796127,1.0192744839081487,0.0716745656627731,-0.1927035462754333,0.08575187610028763,0.6762057038259759,0.10789497005182556
0.0,92,KNN,0.5,0.5,german_t0.0_k92,Baseline,0.7353315738762515,0.016237063516713512,0.6868792660842662,0.017474963641532608,0.6649353940054922,0.019031762986144292,0.759804561730874,0.009664588951866646,0.858568658750811,0.017737812551361823,0.8061283377272025,0.012208682195993956,0.858568658750811,0.017737812551361823,0.4848101265822785,0.02358076038407115,0.5151898734177215,0.023580760384071146,0.1414313412491891,0.01773781255136184,-0.2684925644589586,0.06663732071340354,0.6758613071762921,0.07145585968376816,-0.0668837152007884,0.046218499312125225,0.9238758687269748,0.052516191348422794,-0.3810026003094039,0.16658389215519112,0.4589146814225492,0.18896206795805742,0.3810026003094039,0.16658389215519115,2.3981213704994193,0.9344551614539082,0.06688371520078837,0.046218499312125245,1.557062003037613,0.3871606752985272,0.0329800957005826,0.07768120083016769,1.0478301883011258,0.10879920753982932,-0.22394315775509616,0.08027065132680439,0.691395275074762,0.09033930889570319
0.0,92,MLP,0.5,0.5,german_t0.0_k92,Baseline,0.7591554606007289,0.018262522533156425,0.7295561268419998,0.021575280813589386,0.7216134937817131,0.023903990223799985,0.7991781946007299,0.015270261408351835,0.8342826529050316,0.01938745042162034,0.8162125969343327,0.01368229972982384,0.8342826529050316,0.01938745042162034,0.3751703992210321,0.03821284240786051,0.6248296007789679,0.03821284240786051,0.16571734709496838,0.019387450421620343,-0.2680899554836895,0.06928640777281732,0.6535600457461059,0.07750947095283466,-0.10237570830253757,0.058474795889217605,0.8833590872336788,0.06318308317184958,-0.27843652282676673,0.1510170295490151,0.48555234686663634,0.24534441532117177,0.2784365228267668,0.15101702954901508,1.6176668133994174,0.375869087920561,0.10237570830253757,0.05847479588921758,1.8929088952654234,0.6768813860529015,0.0031971410776452823,0.07804338225752547,1.0062656509380998,0.1021678140387544,-0.19040611556465215,0.07693839136636113,0.6844557170501577,0.11881144731622292
0.0,92,SVC,0.5,0.5,german_t0.0_k92,Baseline,0.7664781534079008,0.03233967038534838,0.7150857337765187,0.038162265330805904,0.6904300287912917,0.0461653467051875,0.7747961739624343,0.02437445837951385,0.8971302471700451,0.02663063095697183,0.8313059489686212,0.022335857123065937,0.8971302471700451,0.02663063095697183,0.4669587796170074,0.062300234969653735,0.5330412203829926,0.06230023496965374,0.10286975282995488,0.026630630956971834,-0.313234491358921,0.05725572491985124,0.6362006972411869,0.05613047858844712,-0.10682237004188225,0.031614791153190006,0.884659535162226,0.0343909210823833,-0.40613129916724267,0.15649854596033616,0.4130355761143818,0.17576202779054864,0.40613129916724267,0.15649854596033616,2.4214015009380865,0.737757730187755,0.10682237004188222,0.03161479115319,2.64382868757259,0.5820634577463109,0.015464209541425734,0.07524403897303382,1.0215174303256898,0.09883194722801415,-0.25647683460456244,0.06746162674449475,0.6488475556383039,0.07597809653404763
0.0,264,LogReg,0.65,0.6498257839721254,german_t0.0_k264,Baseline,0.7966591379634858,0.01538704901665112,0.7928416752570453,0.015269428300794556,0.791981159634495,0.015280841877023412,0.8089340675871742,0.013235945156412703,0.8285879017151021,0.01841526231368393,0.8185764553441194,0.014175998379325658,0.8285879017151021,0.01841526231368393,0.24290455120101137,0.017275295202276986,0.7570954487989885,0.017275295202276983,0.1714120982848979,0.01841526231368396,-0.5124975300789618,0.049509737039530544,0.3605265947191138,0.04430846350351678,-0.19894924858339494,0.07940094415859299,0.778479834099059,0.08404959068738252,-0.5032852609694716,0.05679839269751145,0.12730815287337027,0.04544263202722832,0.5032852609694716,0.056798392697511434,2.2108861668391078,0.26778892142842825,0.1989492485833949,0.07940094415859296,3.1276414793559697,1.2552658144097268,0.08535188959524057,0.04517552992817242,1.115205696401143,0.06445320339376955,-0.3511172547764332,0.04404252199043719,0.4528939934862146,0.05383207914229277
0.0,264,XGBoost,0.65,0.6498257839721254,german_t0.0_k264,Baseline,0.8037894472677081,0.029484393136544843,0.7974855020628843,0.029747162163726932,0.7951845637464323,0.030115332891938306,0.8030573934912528,0.024540477097355882,0.8557010926213436,0.03180639644428075,0.8284093959968797,0.026157098956859293,0.8557010926213436,0.03180639644428075,0.2607300884955752,0.03556996504999799,0.7392699115044248,0.03556996504999798,0.14429890737865633,0.031806396444280766,-0.4046259881636858,0.04766651052704865,0.47797722078085947,0.05221308149135077,-0.06959940872135997,0.04341619074199763,0.920817579764838,0.05022464581701295,-0.37317051464419887,0.12385799091011408,0.2828471280645194,0.10599693317192521,0.3731705146441989,0.12385799091011407,1.8494869498069497,0.44389580339204054,0.06959940872135993,0.04341619074199766,1.6386652798421093,0.4229255925794763,0.07531444132639235,0.04812797257503314,1.1018485719660833,0.06751224220660663,-0.22138496168277944,0.07603720811091554,0.6018323539146787,0.06944116445825899
0.0,264,KNN,0.65,0.6498257839721254,german_t0.0_k264,Baseline,0.7634481460568417,0.0068324796112409205,0.7534328677951203,0.006815751616968043,0.7470731018907772,0.008419125690674182,0.7558339016919063,0.011671180521282147,0.8472418417849308,0.026400887542518073,0.7985444408766507,0.007841305687371373,0.8472418417849308,0.026400887542518073,0.3403761061946903,0.028853663044647485,0.6596238938053097,0.028853663044647492,0.15275815821506927,0.026400887542518053,-0.4484489833178139,0.042180581060825235,0.4558614960783361,0.053168621897185804,-0.0853959103227396,0.08139658480927861,0.9022467776903442,0.09280167926366553,-0.5462052011525695,0.049858376129300934,0.2216299292395844,0.05262168869527049,0.5462052011525695,0.04985837612930096,2.879034419034419,0.3830484531516247,0.08539591032273959,0.08139658480927861,1.6927335672457624,0.6865012432617065,0.11105139666849762,0.0356176006786698,1.156917089215549,0.053444023113861254,-0.3158005557376546,0.04846022266835074,0.5619383534649642,0.06287541452001949
0.0,264,MLP,0.65,0.6498257839721254,german_t0.0_k264,Baseline,0.7823985193550411,0.03474834384616437,0.778701105151331,0.03329290247504515,0.7777156304423984,0.03284710993838682,0.7974887850589182,0.022223899665971426,0.8127909587223838,0.0493382500404366,0.8047508096483484,0.03463663291349378,0.8127909587223838,0.0493382500404366,0.25538874841972187,0.024185195206411908,0.7446112515802781,0.02418519520641187,0.18720904127761623,0.049338250040436606,-0.3949661789551472,0.04890546843957604,0.4705122651417394,0.03841477332056893,-0.08611308203991133,0.05996349718770878,0.9022230215279681,0.0696078003338084,-0.36621949885107774,0.08514181730465206,0.2743251823251823,0.08313262534689293,0.3662194988510778,0.08514181730465205,1.766964498111557,0.2549398060050056,0.08611308203991132,0.05996349718770878,1.7337938484279944,0.5159133056769281,0.08278267262419833,0.05692906199334261,1.1179628591918336,0.0874161495312942,-0.22616629044549458,0.04565818358961521,0.5882741019265753,0.052478732200420763
0.0,264,SVC,0.65,0.6498257839721254,german_t0.0_k264,Baseline,0.7927065687935253,0.015543387885343209,0.7813798958949956,0.014114135668939364,0.7739596935278604,0.012701018379596056,0.7723812399400085,0.00845635737812521,0.8871908916635689,0.03081611020551053,0.8255772452076208,0.015394931381640343,0.8871908916635689,0.03081611020551053,0.3244310998735777,0.014646032703906173,0.6755689001264222,0.014646032703906136,0.11280910833643117,0.030816110205510547,-0.45672545008640564,0.04817785422140198,0.4596968920597397,0.03683403252206108,-0.09968021680216801,0.028100715962167004,0.8919028664145797,0.02746433831870021,-0.49872867199182985,0.08340431094470338,0.24257095190428526,0.059447586846365245,0.49872867199182985,0.0834043109447034,2.529870051870052,0.496327568537722,0.09968021680216801,0.028100715962166987,2.5750174216027872,1.033381911218963,0.07659399040422912,0.028067169995586602,1.1021579406177389,0.03901895523825599,-0.29920444439699895,0.052232547791036664,0.5672369091594325,0.040957163988729756
0.0,695,LogReg,0.8,0.8,german_t0.0_k695,Baseline,0.840117994100295,0.017037792422647403,0.8350179468772433,0.017720864733007276,0.8344222061451904,0.017958186563734452,0.8070411732403034,0.021579999835371323,0.8057142857142857,0.024494897427831824,0.8062491088468551,0.020892885542117906,0.8057142857142857,0.024494897427831824,0.135678391959799,0.016817286965509055,0.864321608040201,0.01681728696550909,0.1942857142857143,0.02449489742783178,-0.6414308324794751,0.020305369610272076,0.19091198566201675,0.007638272411617372,-0.23670534614437058,0.06096200057962299,0.7300673641051046,0.0639011247015989,-0.5508337419636047,0.05282895923929053,0.05146550547526109,0.01836389478018279,0.5508337419636047,0.05282895923929054,2.3546755876263545,0.31189488510758023,0.23670534614437053,0.06096200057962294,3.0577550219587524,0.9606609419619127,0.15564600033266238,0.035625509077405616,1.210180784492845,0.05354402896045146,-0.39376954405398756,0.029843802122836393,0.3907664347901828,0.024167602767548684
0.0,695,XGBoost,0.8,0.8,german_t0.0_k695,Baseline,0.8507374631268435,0.016328439531679128,0.8497810480976309,0.018757148163994826,0.8494766962304482,0.018685329977760456,0.8043437827766965,0.018013910495156948,0.8442857142857143,0.03763411392091283,0.8233933165575348,0.021313976228841288,0.8442857142857143,0.03763411392091283,0.14472361809045226,0.016329725436454192,0.8552763819095478,0.01632972543645421,0.15571428571428575,0.037634113920912836,-0.5689681269788547,0.037779981161295106,0.2624271916893727,0.024905437282496345,-0.08890465631929048,0.11215026346150851,0.9008305829272263,0.12522767502159227,-0.45534563834335007,0.07746946695503817,0.1143069302819942,0.029179647274951717,0.45534563834334996,0.07746946695503819,1.9830625420128523,0.32409772267138,0.08890465631929045,0.11215026346150851,1.9126170238975118,1.165263473273198,0.146580818769665,0.0540391546162057,1.1956717613388412,0.08011644882852996,-0.27212514733132026,0.05737065475288917,0.5075687566046103,0.05536510156583138
0.0,695,KNN,0.8,0.8,german_t0.0_k695,Baseline,0.8253687315634218,0.019244255374985364,0.8288083273510409,0.016646528832185963,0.8283584223608431,0.016828544543856908,0.7590645806855127,0.03299552817212076,0.8485714285714285,0.01228903609577518,0.8008954288180391,0.018370560651434928,0.8485714285714285,0.01228903609577518,0.19095477386934673,0.03318105330496317,0.8090452261306533,0.03318105330496317,0.1514285714285714,0.012289036095775186,-0.5984051263964976,0.030413489008003267,0.26792399763052727,0.015574266819125935,-0.08076176398127619,0.04326488851484112,0.907753684459836,0.04898010853138104,-0.5997117480155236,0.11208331324359139,0.11317892545323978,0.00994309252200937,0.5997117480155236,0.11208331324359141,3.178801821453219,0.8848578842320957,0.08076176398127617,0.04326488851484114,1.653188072090511,0.3693863010666457,0.17712845095395474,0.027765000175615905,1.2482434145930217,0.049318978755138236,-0.3402367559984,0.05807006749930494,0.5104663049565379,0.027929339419969126
0.0,695,MLP,0.8,0.8,german_t0.0_k695,Baseline,0.8412979351032448,0.02295584242872418,0.8372936109117013,0.022655616365736177,0.8368777874103991,0.02261363634073505,0.8047119424420129,0.033404391444092546,0.8142857142857143,0.025152595516655725,0.8092412613586308,0.02625533499955933,0.8142857142857143,0.025152595516655725,0.13969849246231156,0.02704246039612806,0.8603015075376884,0.027042460396128048,0.18571428571428572,0.025152595516655725,-0.563104458340075,0.050520171490627416,0.2525968715308993,0.03319783941286937,-0.11692485833949248,0.0945905006681998,0.8650106792776462,0.1082663934016908,-0.44851497472778934,0.08356442147760901,0.10674995124073572,0.01884138865415099,0.44851497472778945,0.08356442147760901,1.9675367147030662,0.3638825417159607,0.11692485833949251,0.09459050066819982,1.9325393937868451,0.8250232761010728,0.15263975228987794,0.02615458510861304,1.2049891771871575,0.041555587482981445,-0.282719916533641,0.0798099532109178,0.48588031525919106,0.06124198428266761
0.0,695,SVC,0.8,0.8,german_t0.0_k695,Baseline,0.8483775811209439,0.02527939266740833,0.8545477386934672,0.028329552699727537,0.8535279486475755,0.027916742980237656,0.7755759240638108,0.021824418240184877,0.89,0.04836088822803071,0.8285338512938945,0.03160727366963052,0.89,0.04836088822803071,0.18090452261306533,0.016817286965509055,0.8190954773869347,0.01681728696550905,0.11000000000000001,0.04836088822803074,-0.6383242799228094,0.021879721589588383,0.25083488842854945,0.01515709487398373,-0.1112892338014289,0.056041212094764516,0.8780952465117977,0.06342452391997895,-0.6053665727864812,0.09423815869999022,0.09884187047263118,0.018114644290964044,0.6053665727864812,0.0942381586999902,3.058263888888889,0.8122079320137673,0.11128923380142894,0.05604121209476456,2.9797522260936895,1.8737031908220925,0.1522627625922534,0.044304447103143324,1.2050486747897746,0.06914859935455922,-0.35832790329395514,0.04995201194873915,0.4884685584922144,0.031002467646203218
0.25,92,LogReg,0.5,0.5,german_t0.25_k92,Baseline,0.719760378702191,0.018909579095772587,0.6742445742236871,0.020462100272973544,0.6543857797435177,0.02302892370313452,0.753916506702873,0.013751512095452466,0.8357010926213435,0.01870547089108306,0.7926341867935357,0.014324569546715613,0.8357010926213435,0.01870547089108306,0.4872119441739694,0.029963519621889673,0.5127880558260305,0.02996351962188968,0.16429890737865635,0.01870547089108305,-0.33334985511361703,0.03755998509296325,0.6003632026264996,0.04078749952633273,-0.23719241192411925,0.05671697061780401,0.7383387631846284,0.059205845749266,-0.31532931766564626,0.11853270290152555,0.5252678153314421,0.14661783318605454,0.3153293176656463,0.11853270290152555,1.973351354288944,0.4745802879537936,0.2371924119241192,0.05671697061780398,3.715813454837844,1.1448650417545663,-0.08420624507481715,0.07174402926015336,0.890592833092833,0.09341086381022937,-0.27626086479488277,0.050444654704275116,0.6318032892580352,0.06183974048904661
0.25,92,XGBoost,0.5,0.5,german_t0.25_k92,Baseline,0.7673872062335051,0.010049043624443817,0.7297472898878035,0.015159811343474367,0.7166595220687663,0.020061229322160715,0.7931944615043205,0.013865298203511758,0.8627727362183201,0.023687844478651278,0.8261729924638839,0.008155766179408868,0.8627727362183201,0.023687844478651278,0.4032781564427134,0.04496881153263225,0.5967218435572865,0.04496881153263225,0.13722726378167982,0.023687844478651302,-0.26175748684877337,0.04590907686309083,0.6717845833210565,0.04571434490503525,-0.06543705346144371,0.0817126080582688,0.9304590476882023,0.08797052826426816,-0.3160358447714032,0.08387555783424547,0.4422277243346967,0.13504018670595677,0.3160358447714032,0.08387555783424547,1.7427465327594451,0.24560645424561064,0.06543705346144371,0.08171260805826883,2.0894124893120587,1.481755771971124,0.02573858392745585,0.0777598926310627,1.0376802891013177,0.10000060771754314,-0.19073644911642346,0.046933014151003066,0.6863433860114494,0.05700495729413362
0.25,92,KNN,0.5,0.5,german_t0.25_k92,Baseline,0.7362490050689121,0.014912434259285914,0.6915191523911712,0.015937031780716423,0.6729929909671648,0.01717881988506648,0.7647850339197617,0.008658380400690252,0.8499970843993498,0.016914171060324893,0.8050991272600172,0.011436247487326268,0.8499970843993498,0.016914171060324893,0.4669587796170075,0.021621231198579626,0.5330412203829925,0.021621231198579668,0.15000291560065018,0.016914171060324883,-0.2929101154352797,0.06949854963598101,0.6447460946592057,0.07560354596531406,-0.11784257206208426,0.04949426515043237,0.8669005474653739,0.055056106672369605,-0.36495671636878313,0.13897323586113786,0.4548473664199795,0.16419580069981632,0.36495671636878313,0.13897323586113788,2.1530180023228804,0.6390292593068523,0.11784257206208426,0.04949426515043237,2.056077377906646,0.5494143447913932,0.003966882772212332,0.05915457004563445,1.006439218916075,0.0821974131716963,-0.24139964421543372,0.07593237003842779,0.6608739569426767,0.09035895944911569
0.25,92,MLP,0.5,0.5,german_t0.25_k92,Baseline,0.7353399522433077,0.0161062453876763,0.7138786833048101,0.019593602698247198,0.7088195165988216,0.02214935803235451,0.7964492105092492,0.0193067788706402,0.7899449680377278,0.02981182449102139,0.7926455465263355,0.014348026814104728,0.7899449680377278,0.02981182449102139,0.36218760142810774,0.04988867055673795,0.6378123985718922,0.04988867055673794,0.21005503196227213,0.029811824491021405,-0.23559921025413882,0.06252533911925336,0.678437792952319,0.06402440139441226,-0.0961527469820153,0.06271586974946594,0.8858871412798834,0.07054570675739134,-0.22219791975247688,0.08735926945272005,0.5482525756763562,0.11466393591811097,0.22219791975247688,0.08735926945272007,1.457317099256554,0.23177246280476185,0.09615274698201529,0.06271586974946593,1.6529442893435191,0.5281689374490632,-0.00227506763586629,0.031645599845790774,0.9973028148272792,0.042203338211964744,-0.1591753333672461,0.07186256871847647,0.7170698584781198,0.08540824926676899
0.25,92,SVC,0.5,0.5,german_t0.25_k92,Baseline,0.7682920698755813,0.02308612786796234,0.7136705572901654,0.025431838046663557,0.6864282209383917,0.029745555304563572,0.771681004547654,0.014624483440949682,0.9071204070178508,0.026039951883611103,0.8337985704814453,0.016915307697732515,0.9071204070178508,0.026039951883611103,0.4797792924375203,0.03971993574973424,0.5202207075624796,0.039719935749734266,0.09287959298214923,0.026039951883611117,-0.3186755179234024,0.053457528497607834,0.6358661741441131,0.0506604674915619,-0.12090317812269029,0.03323508878995748,0.8714770088829482,0.0353165226829266,-0.4020364701622725,0.12692929797505353,0.4256619608314309,0.14939774670642145,0.4020364701622724,0.12692929797505356,2.4119063920297776,0.5865216126498848,0.12090317812269033,0.03323508878995747,3.289654471544716,0.6728543660294231,0.0006542086053290986,0.05320193741312045,1.0006920311375285,0.06854862727185525,-0.2614698241424814,0.06305631299373948,0.6485694848571896,0.0721027085413383
0.25,264,LogReg,0.65,0.6498257839721254,german_t0.25_k264,Baseline,0.7531714662149445,0.025004646997755058,0.7506034296752284,0.02560122825175053,0.7501002487752754,0.025784763819756723,0.7789840025433807,0.023405449084187648,0.7743421311582953,0.02398426384502903,0.7765511273310984,0.021907209552087466,0.7743421311582953,0.02398426384502903,0.2731352718078382,0.03316530578920062,0.7268647281921619,0.03316530578920059,0.22565786884170475,0.023984263845029018,-0.6162117505714816,0.045826902148869704,0.2585143044811242,0.04423500305789269,-0.4227087952697709,0.08907187917081674,0.5284964883969808,0.09748558891986854,-0.5847930845825583,0.05350142380470428,0.1128659952767899,0.04311596191399106,0.5847930845825583,0.05350142380470428,2.8114495066495064,0.5420176277793739,0.4227087952697709,0.08907187917081673,5.128925227888642,1.07690916368449,0.024536219827358475,0.02700042224247652,1.0327092776602356,0.03561576085822864,-0.5037509399261646,0.06791652004142293,0.32068124183688534,0.055956369614368284
0.25,264,XGBoost,0.65,0.6498257839721254,german_t0.25_k264,Baseline,0.8006305288913985,0.034705070941392115,0.7942528916856293,0.03548696112022821,0.7917697604301115,0.03629962557521085,0.8006927809755353,0.03021376742857402,0.8528231032195521,0.03534125673447117,0.8257113377582028,0.029822570639394287,0.8528231032195521,0.03534125673447117,0.2643173198482933,0.04656858444724979,0.7356826801517067,0.04656858444724979,0.14717689678044799,0.0353412567344712,-0.40455737552969867,0.07342253466385364,0.47966967211171163,0.0749294876710133,-0.07266075388026609,0.07478233927513776,0.9176286403525975,0.08447089699091302,-0.375730969836233,0.15891626161027286,0.31084072644072647,0.1858580460396591,0.375730969836233,0.1589162616102728,1.90499032477856,0.4946501145912429,0.07266075388026608,0.07478233927513778,1.6170789779326367,0.6595157111593076,0.07483385487571126,0.05102482637295877,1.10169508170411,0.06878377734758599,-0.22419586185824952,0.10935788887855252,0.614234683396662,0.1233642106962992
0.25,264,KNN,0.65,0.6498257839721254,german_t0.25_k264,Baseline,0.7595049877658573,0.0073142571948651754,0.7509192224454291,0.006521264169455649,0.7460340733281579,0.006672335332685888,0.7582748928582262,0.011584305073792274,0.8315476737151313,0.029867087247434306,0.7927534686661282,0.009420931324788887,0.8315476737151313,0.029867087247434306,0.3297092288242731,0.028509829214320992,0.6702907711757269,0.028509829214320985,0.16845232628486875,0.029867087247434327,-0.46522837772141434,0.048452501556990726,0.4318216774249851,0.055029339808366565,-0.16082655826558265,0.07515094838781548,0.8163544169853235,0.08603327261696692,-0.5063904876536456,0.08027514593355796,0.24065303513303515,0.060285921992770206,0.5063904876536456,0.08027514593355792,2.622030426030426,0.6429567226292562,0.16082655826558268,0.07515094838781548,2.3158297799761214,0.6185548974380903,0.07036819758310844,0.03330744216481494,1.0975863648898518,0.04743884428479536,-0.3336085229596141,0.05915182166289472,0.5285037260591794,0.06392775421092237
0.25,264,MLP,0.65,0.6498257839721254,german_t0.25_k264,Baseline,0.7816268272790012,0.027364502300877343,0.7776761105842174,0.027597830468169222,0.7746495643635709,0.029618880988506575,0.7977138930282104,0.03435939004547594,0.815924281851115,0.057939017126459824,0.8047968858926821,0.027658045473994582,0.815924281851115,0.057939017126459824,0.26057206068268013,0.06637469892604834,0.7394279393173199,0.06637469892604834,0.18407571814888515,0.05793901712645985,-0.39930686715555985,0.03044763273757395,0.4636965541852799,0.06436525001519186,-0.12456245380635625,0.05363915535298748,0.8505159998976355,0.07262464138568675,-0.3344752525805158,0.04703891235204364,0.29650756866706524,0.10409359177669371,0.3344752525805158,0.04703891235204369,1.6649937660981138,0.16048658739907395,0.12456245380635625,0.05363915535298751,1.842391560097801,0.2591895181678081,0.04901091924402654,0.0359539785920056,1.065255610060128,0.04821856004434639,-0.229518853193436,0.03102489854422248,0.5735117842823503,0.07405751040768994
0.25,264,SVC,0.65,0.6498257839721254,german_t0.25_k264,Baseline,0.7943126921387791,0.01810117709219556,0.7826760717202927,0.016100373991246423,0.7747343608312629,0.013667198408302658,0.7722353821732014,0.006422736838949944,0.8915689575998776,0.03874145996353188,0.827264335096624,0.018428976944858427,0.8915689575998776,0.03874145996353188,0.32621681415929205,0.013567918678284926,0.6737831858407081,0.013567918678284904,0.10843104240012244,0.038741459963531864,-0.5040916440543468,0.04475534530511769,0.4194965090336809,0.04563781420505707,-0.14743557526484358,0.0612088987814693,0.8415207881300686,0.06585146993075365,-0.5594377211219317,0.05438224917486444,0.1979134960247604,0.04503340343822882,0.5594377211219317,0.054382249174864464,2.8821467901467903,0.38464094052186737,0.14743557526484355,0.061208898781469276,3.8369715447154475,2.279191194080429,0.07676433274199428,0.014858529908043467,1.1016022047217509,0.021951796482268356,-0.3534366481933876,0.05361717982736635,0.5197171420774145,0.0539428961621839
0.25,695,LogReg,0.8,0.8,german_t0.25_k695,Baseline,0.7970501474926253,0.018786646994797245,0.7858399138549893,0.020469771072104164,0.7829067005003052,0.021775760350928014,0.7724428745557106,0.023501457637151127,0.7214285714285714,0.03557114170853923,0.7456516756137249,0.025961882256958422,0.7214285714285714,0.03557114170853923,0.14974874371859298,0.01917465731491348,0.8502512562814071,0.01917465731491348,0.2785714285714286,0.03557114170853924,-0.7423270562166395,0.03894564795529466,0.10140082362596978,0.006098141830333609,-0.5302830746489283,0.06574342426972948,0.39392012329803505,0.06012885129299547,-0.6823994979086512,0.04701557293563802,0.026289406116194337,0.01937504337715097,0.6823994979086512,0.04701557293563803,3.398570121002186,0.6826329502822832,0.5302830746489283,0.06574342426972944,5.6299968324358565,1.3671818631961676,0.1392763453083544,0.03133810954839861,1.196598147192173,0.05113798311840331,-0.6063412862787898,0.04419479815440668,0.21010476470711473,0.021709579022696403
0.25,695,XGBoost,0.8,0.8,german_t0.25_k695,Baseline,0.8519174041297936,0.009942359614367378,0.8503625269203159,0.011601644378419438,0.8500411592691824,0.011679753276643414,0.8085531893262774,0.01674564850799347,0.8414285714285714,0.02976095236571379,0.8241890173474392,0.01315050920563603,0.8414285714285714,0.02976095236571379,0.1407035175879397,0.01769529332830051,0.8592964824120604,0.017695293328300537,0.15857142857142856,0.029760952365713807,-0.5577673937418185,0.030505696958942046,0.26699475295429587,0.0078052220704269955,-0.09833530426213352,0.04691635083276074,0.8863173229494551,0.054280356628975075,-0.4150234386132555,0.08627735712380669,0.13242874060032445,0.027620610856102346,0.41502343861325564,0.08627735712380667,1.8416753970019009,0.3069609058619897,0.09833530426213355,0.046916350832760745,1.7479212860310422,0.37137931880467057,0.13152209712694177,0.02363115932082272,1.1704237358173202,0.033108256407018366,-0.2566793714376946,0.03961134686413209,0.5093730317748897,0.02058337950956021
0.25,695,KNN,0.8,0.8,german_t0.25_k695,Baseline,0.8194690265486726,0.01363329794488655,0.8206066044508254,0.013044456086945903,0.8205112444936017,0.013084507472557124,0.7582301572470751,0.019330438393891567,0.8271428571428571,0.014568627181693666,0.7910608288162172,0.014364605915370423,0.8271428571428571,0.014568627181693666,0.185929648241206,0.018802298425999706,0.814070351758794,0.01880229842599971,0.17285714285714288,0.014568627181693676,-0.6134023784864887,0.04142295692739627,0.24757095775319832,0.024927695347294616,-0.16192830746489284,0.10253838109922826,0.8169466205510563,0.11676209482674142,-0.5858591713397205,0.09601144054543465,0.11394953144545741,0.020713001010800876,0.5858591713397205,0.09601144054543465,2.9666395050773935,0.9017432840747278,0.1619283074648928,0.10253838109922825,2.403265179942009,0.8636494560593175,0.1574251632515832,0.03878234243550189,1.218815151552079,0.059701504285516155,-0.37389373940230664,0.0736389127312037,0.4654480759982569,0.05718742030878973
0.25,695,MLP,0.8,0.8,german_t0.25_k695,Baseline,0.833038348082596,0.011887576212159202,0.8294113424264177,0.010809631663203702,0.8288941560140645,0.010640912699377043,0.7927380035845263,0.025760680789781724,0.8085714285714285,0.02185294077254051,0.8000610784354831,0.012373507137631742,0.8085714285714285,0.02185294077254051,0.14974874371859295,0.0246999110099387,0.8502512562814071,0.02469991100993869,0.19142857142857145,0.021852940772540505,-0.5571583488106768,0.04473132052649014,0.2599854004056682,0.02264604335425356,-0.10119315102241935,0.08497934436156691,0.8833082007878239,0.09430345348530214,-0.46889725358546863,0.05630513436375096,0.11138130392501848,0.013991833549873642,0.46889725358546863,0.05630513436375093,2.032623849935231,0.2583362994401675,0.10119315102241933,0.08497934436156696,1.852084179842241,0.9403051382053769,0.1632843553819452,0.03258933489592879,1.22332804038914,0.0506085362218358,-0.28504520230394403,0.06070550678612922,0.49734475235642117,0.04701613984537777
0.25,695,SVC,0.8,0.8,german_t0.25_k695,Baseline,0.8477876106194691,0.0145233435104321,0.8551040918880114,0.01682229111055906,0.853911970640854,0.0163470203818082,0.7714379211725011,0.01146645723124855,0.8971428571428571,0.03213491965486283,0.8293641608046215,0.018519834342481147,0.8971428571428571,0.03213491965486283,0.18693467336683417,0.010249285454457857,0.813065326633166,0.010249285454457862,0.10285714285714287,0.032134919654862835,-0.6542737736517094,0.0127359673957729,0.24624286517037022,0.008937102318512882,-0.12794358216309437,0.018787393877182066,0.8632216857861609,0.017545649829330028,-0.6303129374439443,0.049971214678642364,0.09538906885842793,0.01805212948251673,0.6303129374439443,0.04997121467864238,3.1503237023500996,0.49404589584887765,0.12794358216309437,0.01878739387718211,3.60046904315197,1.482423196224856,0.14891085662394027,0.036074553860433525,1.198619396904864,0.05668498355963048,-0.37912825980351933,0.01811955575813905,0.4793053773222944,0.009215802266535462
0.5,92,LogReg,0.5,0.5,german_t0.5_k92,Baseline,0.728917933894684,0.012812493007574907,0.6840495160333585,0.016946274729612944,0.6646992441829085,0.02253508964462211,0.7605867781106213,0.011960570256382353,0.8427825763705146,0.019205790362973676,0.7993951708784217,0.009685612252524126,0.8427825763705146,0.019205790362973676,0.4746835443037975,0.03961216281754233,0.5253164556962024,0.03961216281754233,0.1572174236294855,0.019205790362973686,-0.3452372283209435,0.05097288331410814,0.5884705497448968,0.05466314591463611,-0.2541318058635132,0.06543452663778798,0.7245493792910739,0.06463850289377435,-0.31006665350054313,0.08416338104981734,0.5124134554205074,0.12133019715441552,0.3100666535005431,0.08416338104981737,1.8635278298936833,0.29176296841728044,0.2541318058635132,0.06543452663778798,4.7947212543554,1.9759398167020656,-0.0945432701407547,0.05957632675101719,0.8782552995699261,0.07564570015520762,-0.2820992296820281,0.05122048859710658,0.6184814173557907,0.06613559285410049
0.5,92,XGBoost,0.5,0.5,german_t0.5_k92,Baseline,0.7847932637928868,0.008817416338623665,0.7473087123420775,0.012152093463675023,0.734910766781075,0.016230679731350336,0.803453149637045,0.010305690501815026,0.8799468631781504,0.020124070861833945,0.8397452447594009,0.007220673885279509,0.8799468631781504,0.020124070861833945,0.3853294384939955,0.03501485476038164,0.6146705615060045,0.0350148547603816,0.12005313682184951,0.020124070861833945,-0.26515935085071335,0.037052086459861376,0.6694730089453529,0.036847089656407025,-0.07566001478196598,0.0752755351247875,0.9192828490173609,0.07898729625393194,-0.2897268029360456,0.09558319027423255,0.465662362505978,0.1528809116965745,0.2897268029360455,0.09558319027423262,1.6411158935118764,0.24180647552943033,0.075660014781966,0.07527553512478753,2.681569396051103,2.386375321464801,0.009946550253009657,0.07800913889147164,1.0162146943832169,0.09951751677540406,-0.18269340885900576,0.04116836861426129,0.6924726057616695,0.05970480439737777
0.5,92,KNN,0.5,0.5,german_t0.5_k92,Baseline,0.7344518453353441,0.015253658836252446,0.6867317878989103,0.018842972788236455,0.6653862343727917,0.02222231439586269,0.7602730210710156,0.01147842706712321,0.8557420568104787,0.010117066645153522,0.8051679771189457,0.010259673828636767,0.8557420568104787,0.010117066645153522,0.48227848101265824,0.030408653097635,0.5177215189873418,0.030408653097635026,0.14425794318952131,0.010117066645153504,-0.29954462650832114,0.08295637443897995,0.642404241320183,0.08733640688948383,-0.11170041882237006,0.061182937579941865,0.8750641182589,0.06704276712354656,-0.3962657582041408,0.13779058418550666,0.43230123867739917,0.1524313024977547,0.3962657582041408,0.13779058418550666,2.412372855802734,0.8550742039078223,0.11170041882237003,0.06118293757994184,2.07595622263915,0.7073049032317721,0.014743698676236528,0.04539582362129185,1.0206030332771838,0.062112779596564555,-0.2539830885132554,0.09111721648962214,0.6536826784681496,0.09756584245943851
0.5,92,MLP,0.5,0.5,german_t0.5_k92,Baseline,0.7298521218214571,0.011567553266567245,0.7033576065959176,0.014523795721246483,0.6966418099170686,0.016873306587742783,0.7851168056007657,0.011641687852575805,0.7971079428250712,0.01879199549470442,0.7908693759890056,0.009265366122298571,0.7971079428250712,0.01879199549470442,0.390392729633236,0.03387002068182833,0.609607270366764,0.033870020681828324,0.20289205717492878,0.018791995494704408,-0.26653271754753183,0.04660169591878379,0.6454127115311469,0.05466210326563962,-0.12005099778270509,0.03975743224375068,0.8565321616451458,0.04516323976131984,-0.2797268029360455,0.07343351288206164,0.48127524890222173,0.11172055399215013,0.27972680293604557,0.07343351288206164,1.6154370061032544,0.19112580798079384,0.12005099778270512,0.0397574322437507,1.7561189284969771,0.32806006032656115,-0.0014673875343112152,0.02975358511728313,0.998258284952863,0.04098536741810697,-0.1998889003593753,0.05130686625426747,0.6689037052736837,0.06958892359605463
0.5,92,SVC,0.5,0.5,german_t0.5_k92,Baseline,0.7554983033806711,0.021099745142487518,0.7042320074029003,0.026987795074444293,0.679793393486698,0.03347123768152668,0.7685997726690343,0.017985957858489193,0.8857116616737006,0.011969524620230742,0.8229325760823253,0.013834645288152383,0.8857116616737006,0.011969524620230742,0.4772476468679,0.04803168043112244,0.5227523531320999,0.04803168043112241,0.11428833832629945,0.011969524620230739,-0.3664506118579166,0.06959318943734119,0.5816137828580642,0.07256938730907199,-0.17447671840354767,0.05383258061581695,0.8144420858911516,0.053404616584994104,-0.4581083571969323,0.09645159093933456,0.35776316232127836,0.12558667189544664,0.4581083571969323,0.09645159093933456,2.6315875926241783,0.4344981182766986,0.1744767184035477,0.05383258061581693,4.499645760743322,2.7876848512935632,-0.0026263881873801907,0.034745583343856294,0.9966764226305477,0.04677569466109447,-0.31629253780024,0.07004519600356092,0.586102624106215,0.08295556603623505
0.5,264,LogReg,0.65,0.6498257839721254,german_t0.5_k264,Baseline,0.7673850304285087,0.021652838991650988,0.7638340504936879,0.020558185471118602,0.7628471197090769,0.02005742196790145,0.7858849346128152,0.015526711346335837,0.7971687330986275,0.03495869603471385,0.7911891634257553,0.021753889610699326,0.7971687330986275,0.03495869603471385,0.2695006321112516,0.021328392827142283,0.7304993678887484,0.02132839282714228,0.20283126690137254,0.03495869603471387,-0.5981750370803592,0.03378711506310714,0.2822700013470633,0.030802784190410815,-0.33601404286770137,0.056010538202158434,0.6243310255580244,0.06049525859579507,-0.613547069336543,0.06365435360535028,0.09272552676900504,0.04870171057164831,0.613547069336543,0.06365435360535028,2.950662922662923,0.437595429762149,0.3360140428677014,0.056010538202158455,4.739616635397123,1.7039575352858825,0.06871247146998369,0.04472363934296767,1.0954442777448423,0.06480736518452966,-0.4747805561021222,0.02613140530834228,0.35852827616351474,0.03507463361586707
0.5,264,XGBoost,0.65,0.6498257839721254,german_t0.5_k264,Baseline,0.808560762908589,0.0376379416371787,0.8029986049624942,0.0376871839346483,0.801085142900136,0.037793643130519514,0.8104459699372708,0.02975826630720202,0.8543537206708797,0.04340297063948939,0.8315519239042668,0.033487947825424885,0.8543537206708797,0.04340297063948939,0.2483565107458913,0.04248257905456778,0.7516434892541086,0.04248257905456776,0.1456462793291203,0.043402970639489405,-0.40897320540734566,0.04285416634378542,0.46934685784426805,0.04415444330588607,-0.08125375708302536,0.048054696702166826,0.9082234811175385,0.054528502741620744,-0.36045986067038693,0.13702263727086175,0.2840417005634397,0.11899873908781741,0.360459860670387,0.13702263727086178,1.8047808294008294,0.43982937041257697,0.08125375708302537,0.04805469670216681,1.8968312040263258,0.6990423310197745,0.06980474515642128,0.06382945593777632,1.0959435652886174,0.0901811982556028,-0.22085680887670617,0.07868656729506662,0.5961325908404891,0.06737867836305211
0.5,264,KNN,0.65,0.6498257839721254,german_t0.5_k264,Baseline,0.760279816801556,0.011447081721356977,0.7503969348393573,0.010671849908644572,0.7443649242932688,0.010585775271874837,0.7536745991287329,0.009343887559367995,0.8429556901591189,0.02641127962985333,0.7955512611351608,0.011878573043318895,0.8429556901591189,0.02641127962985333,0.34216182048040455,0.020795979843745267,0.6578381795195954,0.02079597984374531,0.15704430984088108,0.026411279629853346,-0.4646249787655886,0.03833170098516834,0.4405242947577044,0.045422502596370914,-0.12082655826558264,0.07830432607852836,0.8621472108560683,0.09023515636945342,-0.5513602509391984,0.052091881392280846,0.220926181156526,0.04191174097402701,0.5513602509391984,0.05209188139228089,2.9415318815318816,0.4288535101840829,0.12082655826558267,0.07830432607852836,1.9848507589971003,0.5944018799686512,0.09771292982484178,0.030196963203990023,1.13679248861733,0.04285853095582083,-0.3360934046023905,0.048179980977755416,0.5415366960062972,0.05621938067879372
0.5,264,MLP,0.65,0.6498257839721254,german_t0.5_k264,Baseline,0.7657945918815484,0.03443989705836332,0.7639541122031497,0.032478632290332994,0.7634806393635729,0.03205607864455659,0.7920829918432658,0.020362763711689276,0.7814638501964385,0.05158816735883662,0.7863373621875498,0.03524878593405785,0.7814638501964385,0.05158816735883662,0.25355562579013907,0.018334086920961775,0.7464443742098609,0.018334086920961758,0.2185361498035614,0.051588167358836645,-0.41278678351811526,0.03413217495714516,0.43702306460471574,0.04367204379596252,-0.13921828036462178,0.06511422598499568,0.8285250149958721,0.08430902013254188,-0.37651923988766095,0.04317214724564485,0.25193284713284714,0.05893076858527912,0.37651923988766095,0.04317214724564484,1.7625441441441443,0.12455849803802042,0.13921828036462183,0.06511422598499567,1.776685434866771,0.2756835562584666,0.07481560399678386,0.024956423537038475,1.1028195670887275,0.036339707626402665,-0.2578687601261414,0.044041266456780546,0.5402289310643597,0.055623947835633056
0.5,264,SVC,0.65,0.6498257839721254,german_t0.5_k264,Baseline,0.7792396009787315,0.030626557259176315,0.7673538514858822,0.02981245939099668,0.7588671671459546,0.029676439769698686,0.7601758472363287,0.021282788863189038,0.878639434956594,0.04298676112279718,0.8147785080566555,0.027521663436433832,0.878639434956594,0.04298676112279718,0.3439317319848293,0.032894331008111594,0.6560682680151707,0.03289433100811157,0.121360565043406,0.04298676112279717,-0.5469688780536146,0.04731771676538523,0.38470184296576726,0.042732976168285815,-0.2196634639073663,0.08887939243108321,0.7651990016301203,0.09906338904170657,-0.6115294890031733,0.10262737889394855,0.18687979356722403,0.06556927424867412,0.6115294890031733,0.10262737889394855,3.824066352066352,1.307500914609565,0.21966346390736632,0.08887939243108321,4.994895470383275,1.6079559519331779,0.0629348457962154,0.0513270195987274,1.084075337848424,0.06879039742794694,-0.41559647645526976,0.061585835604240094,0.47603939759867214,0.04991248835668349
0.5,695,LogReg,0.8,0.8,german_t0.5_k695,Baseline,0.8200589970501474,0.016476979402677214,0.8120028715003589,0.020040269073951025,0.810371469720059,0.021671483802405616,0.7913893798992546,0.00939078668365731,0.7657142857142857,0.040758121764820306,0.7779640785985702,0.025680369141621293,0.7657142857142857,0.040758121764820306,0.14170854271356786,0.0037604596851999366,0.8582914572864322,0.00376045968519991,0.23428571428571426,0.040758121764820306,-0.6974890643219593,0.03889588217710894,0.1422872308150148,0.016375017081174288,-0.3828726287262873,0.06560020874197278,0.5644999777427465,0.0582533464314361,-0.6279815026697178,0.020179130094785454,0.03276785714285714,0.01045352595489404,0.6279815026697178,0.020179130094785464,2.7951932461947986,0.1304928996467013,0.38287262872628725,0.06560020874197278,4.6589952053366686,1.5464685757401417,0.15128284561499403,0.0385689843237461,1.21068626370081,0.06730186249813612,-0.5054270656980024,0.037470162201204686,0.2986339174428018,0.031699594547073495
0.5,695,XGBoost,0.8,0.8,german_t0.5_k695,Baseline,0.8519174041297936,0.013244804908934288,0.8503625269203159,0.014238950613557776,0.8502261745113449,0.014223749915611665,0.808083665578106,0.01576626015619627,0.8414285714285714,0.023211538298959864,0.82427759625431,0.01622563733866651,0.8414285714285714,0.023211538298959864,0.1407035175879397,0.013103924432568139,0.8592964824120604,0.013103924432568153,0.15857142857142856,0.02321153829895989,-0.5651780633389297,0.0282821707747318,0.261640138070066,0.024665016914021645,-0.0985380635624538,0.11895727319645878,0.8887360312366857,0.13657010744974493,-0.4346978650639978,0.05500610405542854,0.11797466812812081,0.030014288857901732,0.43469786506399777,0.05500610405542851,1.8747053208635234,0.19511680134505383,0.09853806356245381,0.11895727319645878,1.8600147819660016,0.9524230847343932,0.13883923815977223,0.04250371936404909,1.1816580677765347,0.060550144347617386,-0.2666179643132258,0.054496849367712076,0.5033553496824033,0.0614883525763973
0.5,695,KNN,0.8,0.8,german_t0.5_k695,Baseline,0.8153392330383481,0.016955879484601658,0.8183596554199569,0.015001755934099194,0.8179670036253992,0.015048700679679049,0.7482239449324759,0.02843182534013499,0.8357142857142857,0.016288220358559122,0.7891691790722615,0.01633217812010728,0.8357142857142857,0.016288220358559122,0.19899497487437184,0.02940450017754331,0.8010050251256281,0.02940450017754331,0.16428571428571428,0.01628822035855912,-0.6262572551662444,0.030728345580231308,0.24846560714213545,0.021005433291918223,-0.1462941611234294,0.07929984777407054,0.8344381766010173,0.0885397052597421,-0.6414043888986681,0.10775960888306052,0.1072615621912546,0.020746101836546516,0.6414043888986681,0.10775960888306052,3.679787627831106,1.068391850541252,0.1462941611234294,0.07929984777407054,2.274593495934959,0.7662295394023126,0.1724443854243806,0.041200255761979464,1.2448858164148067,0.0685165932408463,-0.39384927501104877,0.060124449592383035,0.470849869396136,0.043529652789998374
0.5,695,MLP,0.8,0.8,german_t0.5_k695,Baseline,0.824188790560472,0.013401553618407709,0.8172146446518305,0.014051849732185314,0.8161127759755022,0.014333533069310265,0.7932946502516499,0.01857437826629896,0.7771428571428571,0.022767682072156056,0.7849329812244894,0.016691976108993208,0.7771428571428571,0.022767682072156056,0.14271356783919598,0.01576320315714384,0.857286432160804,0.015763203157143826,0.22285714285714286,0.022767682072156036,-0.5712472079180083,0.04566786394819316,0.23265921659258457,0.02136243681695889,-0.19676669130327668,0.08883214220304582,0.768609218241395,0.09286895378834467,-0.45105481094039435,0.08433160460576607,0.11327467218771567,0.020222430286410374,0.45105481094039446,0.08433160460576612,1.9871487725524992,0.43550012965843543,0.19676669130327665,0.08883214220304583,2.462272822028919,1.1049510802240625,0.14341354916329754,0.05013620737961824,1.1982548618457676,0.07809360254186996,-0.32391075112183554,0.060996210162798,0.4409419452145554,0.04457443386288562
0.5,695,SVC,0.8,0.8,german_t0.5_k695,Baseline,0.832448377581121,0.015429730773595295,0.8392857142857142,0.018066097194950188,0.8381267171927425,0.017533539950454702,0.7555172323819401,0.012769834335946813,0.8785714285714287,0.03642156795423417,0.8121217741454654,0.02011702467974398,0.8785714285714287,0.03642156795423417,0.19999999999999998,0.01287060148227708,0.8,0.01287060148227709,0.12142857142857141,0.03642156795423417,-0.693376173756285,0.021680321127403483,0.22194203015798672,0.018546880916281087,-0.1930251293422025,0.07695343432966287,0.7925130845465007,0.08451229798902643,-0.7181152190677362,0.04248263058223389,0.07957614798591488,0.0027173087074577923,0.7181152190677362,0.04248263058223389,4.471064904815681,0.9461504508701533,0.1930251293422025,0.07695343432966291,4.203566149297857,1.6771322545265415,0.1621670273620648,0.016984915830227997,1.220657382041304,0.026271012711750835,-0.45557017420496937,0.0437381704334158,0.43604461626620783,0.04247892233585054
0.75,92,LogReg,0.5,0.5,german_t0.75_k92,Baseline,0.736215491600687,0.031131537942170783,0.6966007662138891,0.03165575132864452,0.6818620419029985,0.03335101777475425,0.7709945148311578,0.01933255169037634,0.8371807599513094,0.03583514597112342,0.8025084576000013,0.024700759429257434,0.8371807599513094,0.03583514597112342,0.44397922752353136,0.04009619974016801,0.5560207724764687,0.04009619974016802,0.16281924004869053,0.03583514597112341,-0.29443532652280097,0.06774792915346613,0.6359705205921916,0.07223899405651292,-0.17619241192411922,0.06399247595056047,0.8006811803856928,0.07435926150854913,-0.2779291333399164,0.14052688799549626,0.5433708478513357,0.20064871711833573,0.2779291333399164,0.14052688799549626,1.7274292887886862,0.4248618433720687,0.17619241192411922,0.06399247595056048,2.6205685845319993,0.6267664099459147,-0.05513840593662807,0.06423322642852326,0.9264625366524873,0.08531341738846157,-0.2270607726320178,0.07595491777356024,0.6720260141185143,0.10151121150732113
0.75,92,XGBoost,0.5,0.5,german_t0.75_k92,Baseline,0.7783838129948473,0.012241491012952426,0.7467967210862676,0.01750958828899647,0.7375616071995603,0.02103463358061689,0.8084772734270969,0.01714638725434277,0.8585074311371571,0.023559810974366057,0.8323561856758224,0.009332492150625213,0.8585074311371571,0.023559810974366057,0.3649139889646219,0.04737338235726343,0.6350860110353781,0.047373382357263426,0.14149256886284284,0.02355981097436609,-0.2473836014231036,0.05669002894443053,0.6827171229343076,0.05310689738335247,-0.05241685144124166,0.09692955212945803,0.9460099841101763,0.10819079987320372,-0.2778972054902735,0.0904076741751053,0.4576370157819225,0.14823253987913143,0.27789720549027347,0.09040767417510533,1.5926589237320943,0.2678821548096127,0.05241685144124168,0.09692955212945804,1.8973671044402753,1.275802037478139,0.027877454797683755,0.08043924710901088,1.039824147851053,0.10543796841619156,-0.16515702846575758,0.06164142812687223,0.7018234999460494,0.06602696194279518
0.75,92,KNN,0.5,0.5,german_t0.75_k92,Baseline,0.7270998282434753,0.018107991843546025,0.6850182213684841,0.015762290849387663,0.6683758010543605,0.01456527159427515,0.7623331758255409,0.00699645225425733,0.834333748806426,0.028132637223026,0.7965468677455749,0.015668915038605086,0.834333748806426,0.028132637223026,0.46429730606945796,0.015339836255825134,0.5357026939305419,0.01533983625582513,0.165666251193574,0.028132637223025992,-0.33469523066267887,0.06178706354599301,0.5959861125146861,0.059042880943543895,-0.16557846760285783,0.049227270997247295,0.8120805626558184,0.05564407590317685,-0.4108613936341793,0.11939849650832975,0.4011140279206763,0.11499337021386671,0.4108613936341793,0.1193984965083297,2.425112514518003,0.8323598847101745,0.16557846760285783,0.04922727099724727,2.4879011882426516,0.6706871829262003,-0.00132746371751995,0.04248488193971373,0.9981203367558977,0.0582420467334901,-0.2882199306185186,0.07066846749213716,0.6065972952882472,0.0667471035960428
0.75,92,MLP,0.5,0.5,german_t0.75_k92,Baseline,0.738980352729253,0.021069696685231017,0.7105975326935322,0.0133004460887286,0.7025552115505673,0.010624602395495482,0.7879570869620094,0.007364691154719878,0.8114255100478888,0.045313180261682594,0.7988157293463767,0.021763622994672445,0.8114255100478888,0.045313180261682594,0.39023044466082435,0.028741140528680594,0.6097695553391757,0.02874114052868059,0.18857448995211126,0.04531318026168259,-0.2458525154910452,0.0525088649192264,0.6739353029678721,0.05716998645819968,-0.08431510224193148,0.08882071550655711,0.8998264715054279,0.1052225849407706,-0.2696815443862941,0.10666490038093981,0.5055188594284721,0.15169975450547313,0.26968154438629405,0.10666490038093983,1.6150804980528792,0.3104990395466947,0.0843151022419315,0.08882071550655711,1.6102678243443012,0.6914898964162683,0.011334286426777317,0.06855582559845934,1.0169429712455216,0.09318757749481615,-0.17699832331411278,0.05660682688158462,0.70267266546695,0.07264845595701952
0.75,92,SVC,0.5,0.5,german_t0.75_k92,Baseline,0.7518160110594445,0.025287493427663593,0.7070517079646097,0.024357444170139072,0.6885594038222486,0.025407539032536026,0.7739420437755327,0.012582973847905203,0.8657424941505761,0.03588700745239162,0.8170062925148107,0.02054206461680596,0.8657424941505761,0.03588700745239162,0.4516390782213566,0.03232299505522911,0.5483609217786433,0.03232299505522913,0.1342575058494238,0.03588700745239163,-0.3828432681056396,0.055537679074554994,0.5555850830407099,0.04296623128257265,-0.1883951712244395,0.044820315258935026,0.7951948041651168,0.04860931990319831,-0.47679207399361445,0.1217391090041181,0.32341689422794506,0.11088556892923963,0.47679207399361445,0.12173910900411812,2.766061184073379,0.9033201086823142,0.18839517122443952,0.04482031525893501,4.100764601252406,1.926844242282174,0.006912359248325473,0.051495595148667014,1.0090196767683552,0.06823964241906086,-0.332593622609027,0.06346156923632781,0.5593058491965309,0.0512117067050737
0.75,264,LogReg,0.65,0.6498257839721254,german_t0.75_k264,Baseline,0.7887885061798106,0.03213635965180488,0.7867935195647446,0.030163227614771627,0.786291248520061,0.02989294974549981,0.8109982908700483,0.017469054673808406,0.805903726866531,0.0494628281469723,0.8080425568035008,0.0330130842880445,0.805903726866531,0.0494628281469723,0.23231668773704167,0.01598007374013825,0.7676833122629583,0.015980073740138233,0.19409627313346892,0.04946282814697232,-0.5477503764914708,0.048893764096982484,0.3146299431516696,0.04636861903664403,-0.2643387533875339,0.0699598292923679,0.6990015484086969,0.08215367797529063,-0.5274849910639384,0.05298083825728201,0.09395938908982386,0.055013167939652975,0.5274849910639384,0.05298083825728202,2.2738704860322505,0.2190664522255799,0.2643387533875339,0.06995982929236788,3.4573755851194874,0.9205042262954339,0.07737532221128844,0.021583343023970095,1.1029096181485492,0.02831698184430921,-0.39591187222573615,0.054828443201833124,0.39648046874926035,0.05504482156677671
0.75,264,XGBoost,0.65,0.6498257839721254,german_t0.75_k264,Baseline,0.8045862350210177,0.03109592398305766,0.7987320613154687,0.03169642586361231,0.7968140582246186,0.032136848868955604,0.8057859797276443,0.026382509381378216,0.8528844766132384,0.02860982073660859,0.8286243590126514,0.026814163010901424,0.8528844766132384,0.02860982073660859,0.2554203539823009,0.03728450495388397,0.7445796460176991,0.03728450495388397,0.14711552338676173,0.028609820736608595,-0.4037423923127445,0.03139879844191911,0.4757677681977642,0.03349092983312912,-0.07951786154225178,0.012830831960248309,0.9090793746771922,0.0153288312693222,-0.357479957690484,0.13189321428466508,0.30185310874697063,0.13296772370582688,0.357479957690484,0.13189321428466505,1.7969026169026172,0.4099141860273923,0.07951786154225178,0.012830831960248295,1.6893111766282498,0.24278596873060102,0.06751388413063167,0.05334727934862854,1.0918579933835162,0.07172884166079194,-0.21849890961636792,0.0673263037784903,0.6054662417120815,0.06772410494484724
0.75,264,KNN,0.65,0.6498257839721254,german_t0.75_k264,Baseline,0.7452663278750234,0.011339136797177842,0.7377098568072404,0.009822870860703844,0.7338952067136362,0.008563545085016071,0.7508487346038833,0.008447460381339865,0.8087003710101828,0.031032554276896832,0.7783348043966312,0.013222548280978297,0.8087003710101828,0.031032554276896832,0.3332806573957017,0.020598002500496055,0.6667193426042983,0.02059800250049603,0.19129962898981728,0.03103255427689684,-0.4832716090402494,0.039517353264603865,0.40760110149408463,0.04645382332216882,-0.19882655826558263,0.058785181499365236,0.7693126080991594,0.0701868800973826,-0.5328393332603859,0.06304506531777651,0.2246884352062163,0.04337415371732151,0.5328393332603859,0.0630450653177765,2.7705582813582814,0.48195003321323604,0.19882655826558265,0.058785181499365194,2.4576949879388907,0.36036168600075885,0.0708660327246062,0.014110347622733391,1.0996919620787362,0.021419009284280303,-0.36583294576298425,0.053175478312284766,0.4970005216526879,0.05466693172605862
0.75,264,MLP,0.65,0.6498257839721254,german_t0.75_k264,Baseline,0.7681786812221596,0.028720492359627446,0.7650727083556277,0.026862861928121255,0.7640343607653921,0.025993319706190617,0.7885165557692518,0.018403415546537225,0.7943521170905222,0.04875431622848979,0.7908617400723802,0.02947288879007518,0.7943521170905222,0.04875431622848979,0.2642067003792668,0.02488144777562711,0.7357932996207331,0.024881447775627095,0.20564788290947789,0.048754316228489816,-0.4218522431048797,0.04868032558678781,0.43821581204244797,0.04431920422877761,-0.12982729736388274,0.033137132326890965,0.8437052135659077,0.039727415968947695,-0.4079992705255863,0.103210680058402,0.2498375427940645,0.10219512398926199,0.4079992705255863,0.10321068005840199,1.9312451863628337,0.3132790215162505,0.1298272973638827,0.03313713232689097,1.8981877956853332,0.4969716930354248,0.08321457884887198,0.03925879727134523,1.116613067392171,0.05848855318360386,-0.2689132839447345,0.06425810770430737,0.5467713781799861,0.06349376520448663
0.75,264,SVC,0.65,0.6498257839721254,german_t0.75_k264,Baseline,0.7840297383775644,0.024984215897603846,0.7746283371936016,0.022670315053544943,0.7688342248931413,0.020977297684491605,0.7734474352554745,0.013300881781733142,0.8630683052342321,0.05187756666861838,0.815072014161253,0.026009644894501652,0.8630683052342321,0.05187756666861838,0.3138116308470291,0.026965379976570905,0.686188369152971,0.02696537997657089,0.13693169476576791,0.051877566668618376,-0.5192976511907113,0.045746866338025084,0.3918405597655153,0.04177980057376928,-0.19106972160630697,0.054990377273864334,0.7906935709388033,0.061737362627136104,-0.5625867162709268,0.0602154306428801,0.18078560231395815,0.049508050851266194,0.5625867162709268,0.0602154306428801,2.869857192857193,0.4784726750425256,0.19106972160630695,0.054990377273864334,3.8637017831522846,1.3978282801266686,0.07332808205989953,0.01697370846171108,1.0979114604401707,0.023067353323561437,-0.37682821893861684,0.039822121930590336,0.4857395866263808,0.04764660938510493
0.75,695,LogReg,0.8,0.8,german_t0.75_k695,Baseline,0.8153392330383481,0.01756091571225628,0.80332376166547,0.018358697175561076,0.8002432169790256,0.01890459659405768,0.8021158116292761,0.024627243145035144,0.7342857142857143,0.026108095546424376,0.7665229715092222,0.022642218420827816,0.7342857142857143,0.026108095546424376,0.12763819095477386,0.017291106064407293,0.8723618090452261,0.0172911060644073,0.26571428571428574,0.026108095546424383,-0.6747758493464111,0.036462687750110336,0.13336166801855648,0.022528503636334293,-0.4024816457255481,0.06895353447163188,0.5266101348732894,0.07869218003750839,-0.5737979459518361,0.0729956800933143,0.029677306389262914,0.012510255201421674,0.5737979459518362,0.07299568009331432,2.486184437543133,0.4626398107771685,0.4024816457255481,0.06895353447163183,3.7742306046542238,0.7426629813941978,0.14795646485294972,0.02283714331039645,1.2046922273822545,0.03882187132810627,-0.48813979583869205,0.057672177268006074,0.2781437206312761,0.04181552829598596
0.75,695,XGBoost,0.8,0.8,german_t0.75_k695,Baseline,0.8554572271386431,0.01637101702125266,0.8540129217516151,0.01801075709597684,0.8538798743016658,0.018144357045058183,0.8119797307972718,0.016267702644229387,0.8457142857142858,0.028784916685156984,0.8283896335030784,0.02086643683747471,0.8457142857142858,0.028784916685156984,0.1376884422110553,0.011281379055599828,0.8623115577889446,0.011281379055599835,0.15428571428571428,0.028784916685156984,-0.5750170271997039,0.036767110005648425,0.25481511187997635,0.025273683659339206,-0.11178196600147816,0.11862682947456982,0.8761294102140932,0.1358388708617129,-0.438281856396845,0.0757002087555978,0.11311088368153585,0.03276959421180469,0.438281856396845,0.07570020875559777,1.8968083972719523,0.2519390010839344,0.11178196600147819,0.11862682947456978,2.2792341326774617,1.3662633226583334,0.13499178676162268,0.053147123899425726,1.1775331145600934,0.07822014013071243,-0.2750319111991616,0.06411917520226476,0.49462014694781453,0.062401226115161204
0.75,695,KNN,0.8,0.8,german_t0.75_k695,Baseline,0.8129793510324484,0.013401553618407733,0.8133847810480976,0.011850285943190977,0.8132587046643799,0.011804796853367983,0.7530110421619856,0.02280663857456021,0.8157142857142856,0.012289036095775174,0.7828731012715353,0.012970962767565673,0.8157142857142856,0.012289036095775174,0.18894472361809045,0.023049939580260737,0.8110552763819096,0.023049939580260744,0.1842857142857143,0.012289036095775186,-0.6477257596579149,0.021439311172458616,0.22131098559242385,0.008404357105910303,-0.216050258684405,0.03527622674290254,0.7537792772128349,0.04063589194566968,-0.647329119202689,0.09151579893427648,0.09163506919028712,0.012055354503429887,0.647329119202689,0.09151579893427654,3.6445896810634664,1.2825903879760803,0.21605025868440503,0.03527622674290253,2.7653377110694186,0.2734499737277234,0.16603019109569966,0.028155637622773292,1.234010194553422,0.0475922552655033,-0.431689688943547,0.03946039386833661,0.4227071732015609,0.017839722594932293
0.75,695,MLP,0.8,0.8,german_t0.75_k695,Baseline,0.8330383480825958,0.019080780682945414,0.828140703517588,0.019744315542899127,0.8274829083185835,0.01994152906178881,0.7971011564072714,0.02593544123175092,0.8,0.029623487647611038,0.7982313648422547,0.022984917917241606,0.8,0.029623487647611038,0.14371859296482412,0.021927059526905966,0.856281407035176,0.02192705952690597,0.2,0.029623487647611028,-0.5739859714267472,0.04489951277334046,0.2407205048822389,0.028584620199275556,-0.15245725548164574,0.0974730298130975,0.8231105158595607,0.10770816269448887,-0.46944818149051565,0.0749846680075175,0.10287861626864184,0.008734822268273759,0.46944818149051565,0.07498466800751748,2.043519433465086,0.35139294602401966,0.15245725548164574,0.09747302981309752,2.185162601626016,0.9346788197028206,0.15343611893459547,0.04077350334605777,1.210082861561071,0.06489791462405103,-0.31095271848608064,0.06348174818746481,0.46299456606410133,0.05723939368440287
0.75,695,SVC,0.8,0.8,german_t0.75_k695,Baseline,0.8371681415929204,0.023775152424318474,0.8422469490308686,0.026420097769362664,0.8414460047469887,0.026146217407227796,0.7662673810908582,0.02169671616691745,0.8714285714285713,0.045400710234487746,0.8151088193785998,0.029430042497021313,0.8714285714285713,0.045400710234487746,0.18693467336683417,0.01890943489671033,0.8130653266331658,0.01890943489671033,0.12857142857142856,0.045400710234487725,-0.681996096024489,0.023589524024226902,0.21946832297872043,0.018075625674092467,-0.19018748460211876,0.05008261394480064,0.7934059579878753,0.05712519118351099,-0.6823716167509073,0.05644017990608828,0.07546826251538483,0.009769191702289282,0.6823716167509073,0.056440179906088246,3.8128152980559813,0.8562051343902586,0.19018748460211876,0.05008261394480065,4.405937862950058,2.401734469144257,0.16027637778828185,0.024133788699341248,1.2180392004363454,0.04283496545883704,-0.43627955067651303,0.04633396760967955,0.43443711025163,0.0318819091012948
1.0,92,LogReg,0.5,0.5,german_t1.0_k92,Baseline,0.7463114239034812,0.01589153726732085,0.7090657598609245,0.0216279198015982,0.6958056873836804,0.027160607611029435,0.7806831849867616,0.019119839995418636,0.8414356417601482,0.01645866383035191,0.8096508407908919,0.010513163388193867,0.8414356417601482,0.01645866383035191,0.42330412203829926,0.048359135521797346,0.5766958779617007,0.04835913552179734,0.15856435823985188,0.0164586638303519,-0.3620423072663559,0.026146811109683088,0.5606982385999982,0.03268158276495662,-0.2099485094850949,0.07218396989804285,0.7680667827451855,0.07707138170436534,-0.38954033771106944,0.08967486833098241,0.38280742881485197,0.08109046524981893,0.3895403377110695,0.08967486833098241,2.1378943089430895,0.44739585088870154,0.20994850948509486,0.07218396989804282,3.3091850561362754,1.148290794755479,-0.02753349117313928,0.06181035019479833,0.9665570574683932,0.07920399402501274,-0.2997444235980821,0.026502182585500897,0.5754371057800187,0.032156203685699235
1.0,92,XGBoost,0.5,0.5,german_t1.0_k92,Baseline,0.7719576054626953,0.013704569291097998,0.7378454996529349,0.014990255062361247,0.7267326750734853,0.02031072064633053,0.8009006179033609,0.013535142587351114,0.8584563352357628,0.03497275694449733,0.8281023176633273,0.013085566986661223,0.8584563352357628,0.03497275694449733,0.3827653359298929,0.0480410227822811,0.6172346640701071,0.04804102278228108,0.14154366476423724,0.03497275694449734,-0.24972344258659857,0.05623644609426307,0.6822989037662586,0.054452678984007304,-0.06653880266075389,0.06840147747049692,0.9281331371423885,0.07315489922011795,-0.2740655343800401,0.09885217804729261,0.48661415989159895,0.14650535199574313,0.2740655343800401,0.0988521780472926,1.6076108801428923,0.2697710126932017,0.06653880266075388,0.06840147747049695,2.0580487804878045,1.296281613582969,0.014564504184937932,0.06307720333821082,1.0214557604311625,0.08338416276379716,-0.170302168520397,0.06189288247601774,0.7073736485169937,0.07562910755046237
1.0,92,KNN,0.5,0.5,german_t1.0_k92,Baseline,0.7216245653722089,0.011776139892871844,0.6840219867801357,0.01699009237461871,0.6702964504679925,0.02183345595693346,0.7651037445711111,0.013200159770151595,0.8171189492175257,0.016870243135490792,0.7900548800869004,0.008233346177228729,0.8171189492175257,0.016870243135490792,0.4490749756572542,0.0407987648254631,0.5509250243427458,0.040798764825463116,0.18288105078247435,0.016870243135490785,-0.33607896876546506,0.06071744070098666,0.5847055986055607,0.0725141216473018,-0.16933456516383344,0.10697900888237852,0.8074714026196599,0.11996152733050029,-0.40982801751094433,0.14201106912998,0.3894736428009442,0.15580409288134486,0.40982801751094433,0.14201106912997996,2.387475040203699,0.9121634475536919,0.16933456516383347,0.10697900888237845,2.445041047546428,1.0020609532742226,0.003612559791723724,0.1008057285632643,1.0122663313818687,0.1462738395401777,-0.28958129133738886,0.06011295919369588,0.598472522710302,0.07868414138063486
1.0,92,MLP,0.5,0.5,german_t1.0_k92,Baseline,0.7389845419127813,0.01954153132837649,0.7137962588911714,0.018111004082971605,0.7074633735849896,0.01972970174680473,0.7929255300197248,0.01254250364772132,0.8027304600088925,0.03564504230382678,0.7973418816969051,0.0187216698809056,0.8027304600088925,0.03564504230382678,0.37513794222654984,0.038022451280229165,0.6248620577734502,0.03802245128022914,0.1972695399911074,0.03564504230382678,-0.25576401722868686,0.050821839386918,0.6580719897050697,0.05054364302481059,-0.09305173688100518,0.06736631658875708,0.891932407503419,0.07575611514371366,-0.2789243277048155,0.1265598861954141,0.4828794787750249,0.20352693944417943,0.27892432770481557,0.12655988619541408,1.619404419995287,0.3220029936766248,0.09305173688100518,0.06736631658875707,1.7097250767525156,0.5986905488065895,0.015604221513652617,0.08037354221584864,1.02602055631425,0.10857831501978159,-0.18598803229291036,0.05835951162803175,0.687405943139222,0.08696981836800399
1.0,92,SVC,0.5,0.5,german_t1.0_k92,Baseline,0.7600435675086924,0.028212815281023627,0.7112272159169992,0.028391868480503343,0.6893071587990242,0.030897730132489053,0.7737806469213596,0.016543489397737476,0.8842525493283185,0.03551980057947897,0.8250896323813818,0.02193149488986627,0.8842525493283185,0.03551980057947897,0.4617981174943201,0.03971715083059137,0.53820188250568,0.039717150830591366,0.1157474506716815,0.03551980057947898,-0.4074713945829126,0.037334896352762,0.5388560039107076,0.029468702038541086,-0.2145171224439517,0.04819536022265762,0.7721256685179928,0.0555938014882524,-0.4982235607781179,0.12378632458032973,0.3137020905923345,0.12187538771119812,0.4982235607781179,0.12378632458032968,2.9448803584626755,0.7684141293180046,0.2145171224439517,0.0481953602226576,7.109242160278745,5.222504341828742,-0.005913782743684104,0.0660245454581102,0.9922942652909178,0.08475820513805907,-0.3563703416110348,0.0440284088531747,0.5429138795551637,0.040528017961148036
1.0,264,LogReg,0.65,0.6498257839721254,german_t1.0_k264,Baseline,0.7753089905263818,0.014127215541515819,0.7726687020074877,0.014265043921632378,0.7720906436237613,0.01441451684397538,0.7973671067474007,0.01529951082113402,0.7971389210819794,0.02052044350088578,0.7970693807125249,0.013611275767524382,0.7971389210819794,0.02052044350088578,0.25180151706700377,0.02378360059447421,0.7481984829329962,0.023783600594474215,0.2028610789180206,0.020520443500885773,-0.6029015677033946,0.015516379470411477,0.2711485784105029,0.02674340077450291,-0.35046070460704604,0.04123116402114704,0.6096230954131047,0.04579984152632099,-0.5929675748623117,0.04717460743989084,0.07956031393712554,0.050419102747715695,0.5929675748623117,0.047174607439890825,2.6949051129051127,0.30257369187191374,0.3504607046070461,0.041231164021147036,4.583956165785435,0.9305253773663744,0.060509216505597575,0.03864167594610265,1.0820698902738684,0.05270565882983744,-0.4717141397346789,0.016266591579430698,0.344591704675115,0.02930781361561029
1.0,264,XGBoost,0.65,0.6498257839721254,german_t1.0_k264,Baseline,0.7903569860091599,0.02255674245031078,0.7854046456193842,0.022871930298030422,0.7840283228562323,0.02304911390038028,0.7983866834404995,0.01930754981932597,0.8314761686091856,0.02108919040921079,0.814577967549455,0.019807449354082116,0.8314761686091856,0.02108919040921079,0.2606668773704172,0.02569330078521581,0.7393331226295828,0.0256933007852158,0.1685238313908144,0.0210891904092108,-0.42143121674969564,0.0631119462752041,0.4533637278134025,0.06099595919237534,-0.12649765952204978,0.0769861544024751,0.8554510777916864,0.08652988257049614,-0.37290060911113543,0.12151628466630066,0.28032100335629745,0.08447609374818713,0.37290060911113543,0.12151628466630066,1.8683439874657268,0.553011846605087,0.12649765952204978,0.0769861544024751,2.0618408082432476,0.7536004387645473,0.058415838609741574,0.039389359225057895,1.0789890624917557,0.05295984131819671,-0.24969913431659257,0.08922554330690322,0.567886040573992,0.0760959313387787
1.0,264,KNN,0.65,0.6498257839721254,german_t1.0_k264,Baseline,0.7373486416964679,0.016772363171364425,0.7317466602342839,0.015481097420420763,0.7295373874870205,0.014733185726273926,0.7520881835376929,0.0124970156504105,0.7843529917707173,0.03260710549808566,0.7675640924141958,0.018295236977928214,0.7843529917707173,0.03260710549808566,0.32085967130214915,0.019575455727783478,0.6791403286978508,0.019575455727783467,0.21564700822928282,0.03260710549808569,-0.4835877621375815,0.009151272811581882,0.3928612552733892,0.021402604916574634,-0.21368440502586844,0.026098299540166615,0.7472640664173354,0.02980588205515032,-0.5280585038479775,0.03849473661221937,0.21216068010039027,0.030712362392333183,0.5280585038479775,0.038494736612219374,2.6294113484113484,0.27474938940289007,0.21368440502586844,0.026098299540166608,2.4528910466625673,0.339348758692908,0.07580897669744409,0.03148643871927891,1.11001376528355,0.050709433217257995,-0.37087145443692304,0.01429145084362445,0.4797123732588629,0.024898200854236496
1.0,264,MLP,0.65,0.6498257839721254,german_t1.0_k264,Baseline,0.7721249764728026,0.021624193122640245,0.7685522005237889,0.02098321747645283,0.7675228692471913,0.020771849305790423,0.79029061566602,0.018376250563369646,0.8013427069894237,0.03385880806898664,0.7954418998121993,0.021584419568547578,0.8013427069894237,0.03385880806898664,0.2642383059418458,0.027634198525159217,0.7357616940581542,0.0276341985251592,0.19865729301057633,0.03385880806898665,-0.41316748121488106,0.030292275541816266,0.4487650423478183,0.030416930435310408,-0.11237644740083763,0.011613518964681659,0.8645879349101341,0.018260089935191636,-0.40056402961666115,0.0757894207547486,0.24762313574078282,0.06284324000812341,0.40056402961666127,0.07578942075474861,1.8930266333560453,0.29978915991345645,0.11237644740083766,0.011613518964681654,1.6907032520325203,0.09996956651548883,0.0855564176830044,0.028196855880643235,1.1180204268294187,0.04324730973008651,-0.2564702385087494,0.038053954394518565,0.5561055353254585,0.03393685891763222
1.0,264,SVC,0.65,0.6498257839721254,german_t1.0_k264,Baseline,0.7848014304536044,0.010667122348591424,0.7744050190355825,0.010849651938878513,0.7679395244508447,0.011913950276816111,0.7705261433176597,0.012626570290389856,0.8714870292216075,0.02354513710828488,0.8176203372014074,0.009812722561354603,0.8714870292216075,0.02354513710828488,0.32267699115044246,0.026959396670522752,0.6773230088495575,0.026959396670522752,0.12851297077839247,0.02354513710828487,-0.5703382825483921,0.047495856550401686,0.35662021497087293,0.04022215842177574,-0.22453732446415375,0.05208951403061013,0.7605979654169502,0.053800054479688025,-0.6522421855053435,0.07626297767296798,0.13658341718341718,0.03937470308962272,0.6522421855053435,0.07626297767296798,4.059859333459333,1.4626857581378063,0.2245373244641537,0.052089514030610115,5.134233449477351,1.7420780119949184,0.08785847341435678,0.020242289330959073,1.1185788157763594,0.030463557654667496,-0.4383897549847486,0.05080863874969215,0.44859069130018375,0.044483466155922524
1.0,695,LogReg,0.8,0.8,german_t1.0_k695,Baseline,0.8123893805309734,0.012033084397859084,0.8033524766690595,0.012924445360125917,0.8014702307648929,0.013400308370766337,0.7855577558641185,0.01905157416042609,0.7514285714285714,0.025714285714285703,0.7677675423486747,0.015885883851176716,0.7514285714285714,0.025714285714285703,0.14472361809045226,0.017232591155258537,0.8552763819095477,0.017232591155258565,0.24857142857142858,0.02571428571428571,-0.6898903485834573,0.04181799381214437,0.14272022254466704,0.015801111669189856,-0.36958684405025866,0.07752978502440366,0.5701924231519542,0.08295369541904754,-0.6434855428705543,0.08370926643682215,0.03230588695780769,0.009323068646462823,0.6434855428705543,0.08370926643682215,3.131175562502289,0.8830621280888408,0.36958684405025866,0.07752978502440364,3.7408390710701362,0.9082534469637729,0.16752545899551632,0.027071541164026564,1.2357909840466772,0.04228755314322582,-0.5065361934604065,0.06226586809925412,0.3012491550548809,0.039528906557255813
1.0,695,XGBoost,0.8,0.8,german_t1.0_k695,Baseline,0.8631268436578171,0.015896393610982273,0.8639339554917445,0.016240266362098018,0.863835690220025,0.016221393636100177,0.8131347995439688,0.02079521090585369,0.8685714285714285,0.02240626734479732,0.8397827651373617,0.01830305350967335,0.8685714285714285,0.02240626734479732,0.1407035175879397,0.017978435999998304,0.8592964824120604,0.0179784359999983,0.13142857142857142,0.022406267344797316,-0.5926687681876673,0.028848842766921894,0.25264255523977563,0.015885139232269786,-0.1293345651638335,0.09610028452290394,0.8583675569005271,0.10521164668750763,-0.4409100615250501,0.07823163558432639,0.11598306713989943,0.032342553448944836,0.4409100615250501,0.07823163558432637,1.9191176380205086,0.28503800958920483,0.12933456516383343,0.09610028452290392,2.5825424981522547,1.3101565792733652,0.11615427170170756,0.04101461577408693,1.1475961996680417,0.0559716088900415,-0.2851223133444418,0.055567763342855396,0.48717531202021325,0.043873770403215565
1.0,695,KNN,0.8,0.8,german_t1.0_k695,Baseline,0.8112094395280236,0.01383603468974464,0.8093359655419956,0.01562199699787605,0.8090173868319044,0.01582338928977185,0.7576765779974435,0.016091766046406695,0.7985714285714286,0.03175158681556124,0.7772535523861082,0.018597402160413064,0.7985714285714286,0.03175158681556124,0.1798994974874372,0.01632972543645419,0.8201005025125628,0.016329725436454195,0.20142857142857143,0.03175158681556124,-0.6491114844908008,0.03997574136714568,0.2089691190885389,0.026342209774636593,-0.22007046070460703,0.08301463167981724,0.7470776134758117,0.08701411918860413,-0.6584131105355361,0.07190917165675444,0.07599038323551068,0.01792526656717532,0.6584131105355362,0.07190917165675445,3.45924237718803,0.7183757339656804,0.22007046070460703,0.08301463167981724,2.8354674796747963,1.0602295253890586,0.1826049696894373,0.04137836890178224,1.263655439397223,0.07400301759079303,-0.43924178562007155,0.05495248050969665,0.4115339983556612,0.04849878612723562
1.0,695,MLP,0.8,0.8,german_t1.0_k695,Baseline,0.8306784660766962,0.01578653470237129,0.825283560660445,0.01481010585390139,0.8244080264536648,0.014663207415975743,0.7968142172675512,0.030195455129924095,0.7942857142857143,0.024907993963089584,0.7949471825182407,0.01688395409618372,0.7942857142857143,0.024907993963089584,0.14371859296482414,0.028176574409801376,0.856281407035176,0.02817657440980139,0.20571428571428574,0.02490799396308956,-0.5730926017308215,0.03425939087051622,0.2381208589515318,0.023357145990801548,-0.15172135994087213,0.07678502154576479,0.8198445849942079,0.08823194586470194,-0.4758108586684102,0.08964351821557746,0.09913696433204662,0.009232496028815209,0.4758108586684102,0.08964351821557746,2.1000492468569028,0.4405186446748605,0.15172135994087213,0.0767850215457648,2.000466032369302,0.6463206820003564,0.1592084432792947,0.027740435548026698,1.217812133655696,0.04492125755191256,-0.3137661093046411,0.055799772526300036,0.4594907746631273,0.04583424919097104
1.0,695,SVC,0.8,0.8,german_t1.0_k695,Baseline,0.8412979351032448,0.017441587609550984,0.8466116295764536,0.02158336077782247,0.8457272692428459,0.020931686999202604,0.770121142210155,0.007720906107379251,0.8771428571428572,0.0457142857142857,0.819755453666259,0.024102842453109723,0.8771428571428572,0.0457142857142857,0.18391959798994975,0.005124642727228923,0.8160804020100503,0.005124642727228951,0.12285714285714286,0.045714285714285714,-0.7054638066895883,0.02954778863163661,0.2058129151515486,0.028499966644912306,-0.22620768662232082,0.08490033041618361,0.7587939207911963,0.09347559729110301,-0.6991091126646047,0.04862570475522552,0.06715562033543668,0.016586222239991857,0.6991091126646047,0.04862570475522552,3.887350445448272,0.6278718366611805,0.22620768662232077,0.08490033041618361,9.338075880758808,10.356606783071628,0.1526278871321209,0.027509594645896734,1.2048115961727868,0.043872469669368065,-0.4626583996434627,0.05269552981578918,0.41297477056331644,0.052066235741518224
